対象日,親ASIN,子ASIN,注文数,注文数_B2B,売上,売上_B2B,セッション数,セッション_B2B,ブラウザセッション,モバイルセッション,PV,PV_B2B,ブラウザPV,モバイルPV,CVR,CVR_B2B
2026-03-16,B076BMTHVQ,B076BMTHVQ,0,0,0.0,0.0,5,1,2,3,5,1,2,3,0.0,0.0
2026-03-16,B076BWMYZR,B076BWMYZR,0,0,0.0,0.0,4,0,3,1,5,0,3,2,0.0,0.0
2026-03-16,B076BZ2BSG,B076BZ2BSG,0,0,0.0,0.0,5,0,1,4,5,0,1,4,0.0,0.0
2026-03-16,B08P31F45K,B09GK19G1N,0,0,0.0,0.0,14,0,6,8,16,0,6,10,0.0,0.0
2026-03-16,B08P31F45K,B09GK7JVS6,0,0,0.0,0.0,7,0,2,5,9,0,4,5,0.0,0.0
2026-03-16,B08P31F45K,B0CN3JHX9V,2,0,57600.0,0.0,40,0,11,29,57,0,16,41,5.0,0.0
2026-03-16,B08P31F45K,B0CN3LTPXT,1,0,28800.0,0.0,20,0,9,11,29,0,13,16,5.0,0.0
2026-03-16,B08P31F45K,B0CN3N86F5,0,0,0.0,0.0,19,0,5,14,20,0,5,15,0.0,0.0
2026-03-16,B08P31F45K,B0DT977KJV,1,0,28800.0,0.0,49,0,10,39,66,0,19,47,2.04,0.0
2026-03-16,B08P31F45K,B0DT98HGNJ,0,0,0.0,0.0,21,0,7,14,40,0,14,26,0.0,0.0
2026-03-16,B08P31F45K,B0DT9D66X1,0,0,0.0,0.0,14,1,0,14,15,1,0,15,0.0,0.0
2026-03-16,B08P31F45K,B0DT9GW9YH,0,0,0.0,0.0,18,0,5,13,25,0,6,19,0.0,0.0
2026-03-16,B08P31F45K,B0DTH5B27T,0,0,0.0,0.0,19,0,6,13,27,0,7,20,0.0,0.0
2026-03-16,B08P31F45K,B0F7X8N5JD,1,0,28800.0,0.0,16,0,4,12,22,0,6,16,6.25,0.0
2026-03-16,B08P31F45K,B0F7XHMQDX,0,0,0.0,0.0,18,0,3,15,18,0,3,15,0.0,0.0
2026-03-16,B08P31F45K,B0FY4MPKM8,0,0,0.0,0.0,32,0,8,24,46,0,14,32,0.0,0.0
2026-03-16,B08P31F45K,B0FY4NPM7G,0,0,0.0,0.0,35,0,11,24,49,0,15,34,0.0,0.0
2026-03-16,B08P31F45K,B0FY4NVXGL,0,0,0.0,0.0,15,0,4,11,20,0,6,14,0.0,0.0
2026-03-16,B08P31F45K,B0FY4QL7LS,0,0,0.0,0.0,40,1,15,25,45,2,15,30,0.0,0.0
2026-03-16,B09KZZY78K,B09KZWRV62,0,0,0.0,0.0,15,0,8,7,18,0,11,7,0.0,0.0
2026-03-16,B09KZZY78K,B09KZYRM9H,0,0,0.0,0.0,4,0,1,3,8,0,1,7,0.0,0.0
2026-03-16,B09KZZY78K,B09KZYXKYZ,0,0,0.0,0.0,15,1,6,9,23,1,6,17,0.0,0.0
2026-03-16,B09KZZY78K,B09L11GCFB,0,0,0.0,0.0,3,0,2,1,5,0,4,1,0.0,0.0
2026-03-16,B0BCQ2PP2J,B08P2X5DB9,0,0,0.0,0.0,17,0,5,12,18,0,5,13,0.0,0.0
2026-03-16,B0BCQ2PP2J,B09GJGRVVV,0,0,0.0,0.0,9,0,0,9,15,0,0,15,0.0,0.0
2026-03-16,B0BCQ2PP2J,B0BCQ2PP2J,0,0,0.0,0.0,1,0,1,0,1,0,1,0,0.0,0.0
2026-03-16,B0BCQ2PP2J,B0CT32RDC4,0,0,0.0,0.0,11,0,2,9,13,0,2,11,0.0,0.0
2026-03-16,B0BCQ2PP2J,B0CT5GBJLR,0,0,0.0,0.0,13,0,2,11,13,0,2,11,0.0,0.0
2026-03-16,B0BCQ2PP2J,B0CV4SWT5X,1,0,28800.0,0.0,48,0,17,31,84,0,31,53,2.08,0.0
2026-03-16,B0BCQ2PP2J,B0CV4V1VQJ,0,0,0.0,0.0,13,0,3,10,18,0,5,13,0.0,0.0
2026-03-16,B0BCQ2PP2J,B0CV4V86GN,2,0,57600.0,0.0,37,0,12,25,59,0,26,33,5.41,0.0
2026-03-16,B0BCQ2PP2J,B0DR8DKPLC,0,0,0.0,0.0,13,0,3,10,15,0,3,12,0.0,0.0
2026-03-16,B0BCQ2PP2J,B0DT8T75BV,1,0,28800.0,0.0,31,0,9,22,47,0,13,34,3.23,0.0
2026-03-16,B0BCQ2PP2J,B0DT9DDBC1,0,0,0.0,0.0,7,0,2,5,8,0,2,6,0.0,0.0
2026-03-16,B0BCQ2PP2J,B0DT9FQD5S,1,0,28800.0,0.0,19,0,6,13,35,0,12,23,5.26,0.0
2026-03-16,B0BCQ2PP2J,B0FY4L7J5N,0,0,0.0,0.0,14,0,5,9,19,0,7,12,0.0,0.0
2026-03-16,B0BCQ2PP2J,B0FY4LLPH5,1,0,28800.0,0.0,25,0,7,18,34,0,11,23,4.0,0.0
2026-03-16,B0BCQ2PP2J,B0FY4MZZBK,0,0,0.0,0.0,14,0,9,5,15,0,10,5,0.0,0.0
2026-03-16,B0BGZMPCPS,B0BGZMZ6CW,1,0,1180.0,0.0,2,0,2,0,2,0,2,0,50.0,0.0
2026-03-16,B0BGZMPCPS,B0BGZN9MQH,0,0,0.0,0.0,2,0,1,1,2,0,1,1,0.0,0.0
2026-03-16,B0D4TG2KBT,B0D4TJL2X5,0,0,0.0,0.0,4,0,3,1,5,0,3,2,0.0,0.0
2026-03-16,B0D4TG2KBT,B0D4TKK7QC,0,0,0.0,0.0,14,0,7,7,18,0,11,7,0.0,0.0
2026-03-16,B0D4TG2KBT,B0D4TMSNH1,0,0,0.0,0.0,7,0,6,1,8,0,6,2,0.0,0.0
2026-03-16,B0D86LBDVB,B01D1BSOPM,1,0,17800.0,0.0,20,0,7,13,34,0,9,25,5.0,0.0
2026-03-16,B0D86LBDVB,B01N3B009P,0,0,0.0,0.0,107,0,35,72,165,0,45,120,0.0,0.0
2026-03-16,B0D86LBDVB,B01N6TYYZO,1,0,16400.0,0.0,69,1,21,48,93,1,22,71,1.45,0.0
2026-03-16,B0D86LBDVB,B01N9UXG9E,1,0,16400.0,0.0,35,0,8,27,64,0,9,55,2.86,0.0
2026-03-16,B0D86LBDVB,B01NCZ4488,0,0,0.0,0.0,31,0,7,24,41,0,9,32,0.0,0.0
2026-03-16,B0D86LBDVB,B075811BWJ,0,0,0.0,0.0,37,0,11,26,45,0,13,32,0.0,0.0
2026-03-16,B0D86LBDVB,B07DT9FBPK,0,0,0.0,0.0,57,1,17,40,72,1,19,53,0.0,0.0
2026-03-16,B0D86LBDVB,B07DTCSFDR,0,0,0.0,0.0,21,0,5,16,40,0,6,34,0.0,0.0
2026-03-16,B0D86LBDVB,B07DTCV4N4,1,0,17800.0,0.0,59,1,25,34,87,2,32,55,1.69,0.0
2026-03-16,B0D86LBDVB,B081SY9LGF,1,0,17800.0,0.0,16,0,5,11,24,0,5,19,6.25,0.0
2026-03-16,B0D86LBDVB,B081SZT58P,0,0,0.0,0.0,25,0,6,19,33,0,9,24,0.0,0.0
2026-03-16,B0D86LBDVB,B08X183LPL,0,0,0.0,0.0,102,0,32,70,151,0,39,112,0.0,0.0
2026-03-16,B0D86LBDVB,B08X1BFB7N,1,0,17800.0,0.0,32,0,11,21,58,0,17,41,3.13,0.0
2026-03-16,B0D86LBDVB,B08X1KJ1V2,0,0,0.0,0.0,25,0,7,18,35,0,12,23,0.0,0.0
2026-03-16,B0D86LBDVB,B08X1L3Z1D,0,0,0.0,0.0,0,0,0,0,0,0,0,0,0.0,0.0
2026-03-16,B0D86LBDVB,B08X1LFKXW,1,0,16400.0,0.0,50,0,16,34,69,0,23,46,2.0,0.0
2026-03-16,B0D86LBDVB,B0D7VGPZ1J,2,0,32800.0,0.0,101,1,27,74,148,1,36,112,1.98,0.0
2026-03-16,B0D86LBDVB,B0D7VL3ZPY,3,0,49200.0,0.0,168,1,50,118,298,1,91,207,1.79,0.0
2026-03-16,B0D86LBDVB,B0D86LBDVB,0,0,0.0,0.0,1,0,1,0,1,0,1,0,0.0,0.0
2026-03-16,B0DNMHZR1N,B074XNN319,0,0,0.0,0.0,17,0,10,7,25,0,15,10,0.0,0.0
2026-03-16,B0DNMHZR1N,B074XS6GH5,1,1,19760.0,19760.0,19,1,5,14,25,1,6,19,5.26,100.0
2026-03-16,B0DNMHZR1N,B074XSG5MH,0,0,0.0,0.0,15,0,6,9,15,0,6,9,0.0,0.0
2026-03-16,B0DNMHZR1N,B074XT7CKW,0,0,0.0,0.0,24,0,11,13,41,0,16,25,0.0,0.0
2026-03-16,B0DNMHZR1N,B074ZYP79P,0,0,0.0,0.0,7,0,2,5,9,0,2,7,0.0,0.0
2026-03-16,B0DNMHZR1N,B07516477J,0,0,0.0,0.0,56,0,18,38,98,0,22,76,0.0,0.0
2026-03-16,B0DNMHZR1N,B07519MK8F,0,0,0.0,0.0,30,1,9,21,39,1,12,27,0.0,0.0
2026-03-16,B0DNMHZR1N,B07543CN2T,0,0,0.0,0.0,14,0,5,9,16,0,5,11,0.0,0.0
2026-03-16,B0DNMHZR1N,B07544J3M4,0,0,0.0,0.0,17,0,5,12,21,0,5,16,0.0,0.0
2026-03-16,B0DNMHZR1N,B07CYRH7PP,0,0,0.0,0.0,22,1,12,10,41,1,19,22,0.0,0.0
2026-03-16,B0DNMHZR1N,B07TTD8PSH,1,0,20800.0,0.0,12,1,5,7,18,1,6,12,8.33,0.0
2026-03-16,B0DNMHZR1N,B07TWHQCTH,0,0,0.0,0.0,15,1,6,9,23,2,11,12,0.0,0.0
2026-03-16,B0DNMHZR1N,B07TXLGQRR,0,0,0.0,0.0,20,1,9,11,25,1,10,15,0.0,0.0
2026-03-16,B0DNMHZR1N,B0819R4XCV,0,0,0.0,0.0,11,0,5,6,12,0,5,7,0.0,0.0
2026-03-16,B0DNMHZR1N,B0DNMHZR1N,0,0,0.0,0.0,1,0,1,0,1,0,1,0,0.0,0.0
2026-03-16,B0DNMHZR1N,B0F7WHCJQL,0,0,0.0,0.0,28,0,11,17,41,0,14,27,0.0,0.0
2026-03-16,B0DNMHZR1N,B0F7WHKGT4,0,0,0.0,0.0,12,0,5,7,14,0,6,8,0.0,0.0
2026-03-16,B0DNMHZR1N,B0F7WMHMQT,0,0,0.0,0.0,10,0,4,6,13,0,6,7,0.0,0.0
2026-03-16,B0DNMHZR1N,B0F7WSRC91,0,0,0.0,0.0,11,1,6,5,16,1,6,10,0.0,0.0
2026-03-16,B0DP7NWDNZ,B0D8VPS7ZR,2,0,13960.0,0.0,126,1,40,86,206,1,65,141,1.59,0.0
2026-03-16,B0DP7NWDNZ,B0D8VPZ3JF,2,0,13960.0,0.0,101,0,31,70,179,0,60,119,1.98,0.0
2026-03-16,B0DP7NWDNZ,B0D8VR2CW4,2,0,13960.0,0.0,110,0,30,80,183,0,37,146,1.82,0.0
2026-03-16,B0DP7NWDNZ,B0DT9GFBPQ,2,0,13960.0,0.0,123,1,47,76,191,1,60,131,1.63,0.0
2026-03-16,B0DSMDW3XP,B082YBFK7F,0,0,0.0,0.0,10,0,4,6,12,0,5,7,0.0,0.0
2026-03-16,B0DSMDW3XP,B082YBP78K,1,0,43470.0,0.0,36,0,13,23,41,0,14,27,2.78,0.0
2026-03-16,B0DSMDW3XP,B0842MNWGN,0,0,0.0,0.0,23,1,10,13,33,1,14,19,0.0,0.0
2026-03-16,B0DSMDW3XP,B0842MPP9M,0,0,0.0,0.0,21,0,10,11,26,0,11,15,0.0,0.0
2026-03-16,B0DSMDW3XP,B0842N5V5C,0,0,0.0,0.0,10,0,5,5,11,0,6,5,0.0,0.0
2026-03-16,B0DSMDW3XP,B08H4N7CL4,0,0,0.0,0.0,9,0,4,5,11,0,6,5,0.0,0.0
2026-03-16,B0DSMDW3XP,B08H4XDFJ8,0,0,0.0,0.0,24,1,6,18,36,1,10,26,0.0,0.0
2026-03-16,B0DSMDW3XP,B08HPXFHV6,0,0,0.0,0.0,15,0,11,4,18,0,13,5,0.0,0.0
2026-03-16,B0DSMDW3XP,B08HQFQX3F,0,0,0.0,0.0,16,0,4,12,31,0,7,24,0.0,0.0
2026-03-16,B0F5Q56316,B0F1DY5Z6S,1,0,1280.0,0.0,21,0,10,11,27,0,15,12,4.76,0.0
2026-03-16,B0F5Q56316,B0F1F2HY7Q,0,0,0.0,0.0,6,0,3,3,6,0,3,3,0.0,0.0
2026-03-16,B0F5Q56316,B0F1F42WVC,0,0,0.0,0.0,2,0,1,1,2,0,1,1,0.0,0.0
2026-03-16,B0F8NK36FX,B0F8NJPCC4,0,0,0.0,0.0,1,0,1,0,1,0,1,0,0.0,0.0
2026-03-16,B0F8NK36FX,B0F8NKLW2G,0,0,0.0,0.0,1,0,0,1,1,0,0,1,0.0,0.0
2026-03-16,B0F8VN4X7W,B0F8VKMKBB,0,0,0.0,0.0,3,0,1,2,6,0,1,5,0.0,0.0
2026-03-16,B0F8VN4X7W,B0F8VQG4KB,0,0,0.0,0.0,3,0,0,3,3,0,0,3,0.0,0.0
2026-03-16,B0F8VN4X7W,B0F8VRFJSW,0,0,0.0,0.0,3,0,0,3,3,0,0,3,0.0,0.0
2026-03-16,B0FC6FXYXY,B0FC692WVR,0,0,0.0,0.0,1,0,1,0,1,0,1,0,0.0,0.0
2026-03-16,B0FJ1YK4K7,B0FJ1XXYFP,0,0,0.0,0.0,25,1,6,19,32,1,6,26,0.0,0.0
2026-03-16,B0FJ1YK4K7,B0FJ1Y577L,0,0,0.0,0.0,20,0,8,12,26,0,10,16,0.0,0.0
2026-03-16,B0FJ1YK4K7,B0FJ1ZH91Y,2,0,7600.0,0.0,65,1,21,44,95,1,28,67,3.08,0.0
2026-03-16,B0FJ1YK4K7,B0GJRLB89H,0,0,0.0,0.0,27,0,8,19,43,0,16,27,0.0,0.0
2026-03-16,B0GCCVX3QS,B0DY5QT64L,0,0,0.0,0.0,12,0,5,7,14,0,5,9,0.0,0.0
2026-03-16,B0GCCVX3QS,B0DY5QX8W6,0,0,0.0,0.0,15,0,4,11,20,0,4,16,0.0,0.0
2026-03-16,B0GCCVX3QS,B0DY5RFC8B,0,0,0.0,0.0,12,0,3,9,22,0,4,18,0.0,0.0
2026-03-16,B0GCCVX3QS,B0DY5RSTYM,0,0,0.0,0.0,15,0,8,7,18,0,10,8,0.0,0.0
2026-03-16,B0GCCVX3QS,B0DY5RX8BC,0,0,0.0,0.0,18,0,6,12,23,0,6,17,0.0,0.0
2026-03-16,B0GCCVX3QS,B0GCHJ46P6,0,0,0.0,0.0,6,0,4,2,6,0,4,2,0.0,0.0
2026-03-16,B0GCCVX3QS,B0GCHJD81G,0,0,0.0,0.0,3,0,2,1,3,0,2,1,0.0,0.0
2026-03-16,B0GCCVX3QS,B0GCHJSQSR,0,0,0.0,0.0,5,0,2,3,6,0,3,3,0.0,0.0
2026-03-16,B0GCCVX3QS,B0GCHK5PF9,0,0,0.0,0.0,3,0,1,2,3,0,1,2,0.0,0.0
2026-03-16,B0GCCVX3QS,B0GCHYN4FQ,0,0,0.0,0.0,8,0,3,5,9,0,3,6,0.0,0.0
2026-03-16,B0GCCVX3QS,B0GCHYSHQN,0,0,0.0,0.0,4,0,0,4,5,0,0,5,0.0,0.0
2026-03-16,B0GCCVX3QS,B0GCJC7FWJ,0,0,0.0,0.0,3,0,1,2,4,0,1,3,0.0,0.0
2026-03-16,B0GCCVX3QS,B0GCJCP1HG,0,0,0.0,0.0,7,0,2,5,7,0,2,5,0.0,0.0
2026-03-16,B0GCCVX3QS,B0GCJD3GQT,0,0,0.0,0.0,5,0,2,3,8,0,3,5,0.0,0.0
2026-03-16,B0GCCVX3QS,B0GCJKRLZC,0,0,0.0,0.0,5,0,4,1,6,0,5,1,0.0,0.0
2026-03-16,B0GCCVX3QS,B0GCJR1FHL,0,0,0.0,0.0,5,0,2,3,6,0,2,4,0.0,0.0
2026-03-16,B0GCCVX3QS,B0GCK39NBW,0,0,0.0,0.0,7,0,3,4,7,0,3,4,0.0,0.0
2026-03-16,B0GPNG1M7Y,B0GPNTM2R5,0,0,0.0,0.0,4,0,2,2,5,0,2,3,0.0,0.0
2026-03-16,B0GPVSJ68J,B077CVQPXD,0,0,0.0,0.0,1,0,0,1,1,0,0,1,0.0,0.0
2026-03-16,B0GPVSJ68J,B0CV4X1LYZ,2,0,31600.0,0.0,59,0,14,45,94,0,30,64,3.39,0.0
2026-03-16,B0GPVSJ68J,B0CV4ZBFRZ,1,0,15800.0,0.0,21,0,7,14,36,0,15,21,4.76,0.0
2026-03-16,B0GPVSJ68J,B0DRVB5VCW,1,0,15800.0,0.0,45,1,17,28,71,1,36,35,2.22,0.0
2026-03-16,B0GPVYJ9W5,B01719SX5Q,0,0,0.0,0.0,33,0,14,19,60,0,25,35,0.0,0.0
2026-03-16,B0GPVYJ9W5,B01719SX74,0,0,0.0,0.0,14,0,4,10,39,0,20,19,0.0,0.0
2026-03-16,B0GPVYJ9W5,B01719SX7E,0,0,0.0,0.0,2,0,0,2,3,0,0,3,0.0,0.0
2026-03-16,B0GPVYJ9W5,B01719SX8I,0,0,0.0,0.0,18,1,8,10,25,1,9,16,0.0,0.0
2026-03-16,B0GPVYJ9W5,B01719SX9C,0,0,0.0,0.0,31,0,16,15,70,0,34,36,0.0,0.0
2026-03-16,B0GPVYJ9W5,B01719SXC4,0,0,0.0,0.0,7,0,0,7,7,0,0,7,0.0,0.0
2026-03-16,B0GPVYJ9W5,B01719SXCO,0,0,0.0,0.0,23,0,11,12,45,0,13,32,0.0,0.0
2026-03-16,B0GPVYJ9W5,B01E8HZPHI,0,0,0.0,0.0,9,0,1,8,18,0,1,17,0.0,0.0
2026-03-16,B0GPVYJ9W5,B01I6DN7VQ,1,0,9800.0,0.0,38,0,18,20,57,0,29,28,2.63,0.0
2026-03-16,B0GPVYJ9W5,B01IP61FU4,0,0,0.0,0.0,8,0,3,5,11,0,3,8,0.0,0.0
2026-03-16,B0GPVYJ9W5,B01IP61FXG,0,0,0.0,0.0,10,1,3,7,17,1,4,13,0.0,0.0
2026-03-16,B0GPVYJ9W5,B01IP61FXQ,0,0,0.0,0.0,4,1,1,3,6,3,1,5,0.0,0.0
2026-03-16,B0GPVYJ9W5,B01MQPBIKQ,0,0,0.0,0.0,5,0,3,2,9,0,7,2,0.0,0.0
2026-03-16,B0GPVYJ9W5,B01MQPBIOC,0,0,0.0,0.0,3,1,1,2,3,1,1,2,0.0,0.0
2026-03-16,B0GPVYJ9W5,B01N6A3UWA,0,0,0.0,0.0,4,1,1,3,12,5,1,11,0.0,0.0
2026-03-16,B0GPVYJ9W5,B01NACFFOZ,0,0,0.0,0.0,3,0,1,2,3,0,1,2,0.0,0.0
2026-03-16,B0GPVYJ9W5,B01NBDN4B1,0,0,0.0,0.0,9,1,5,4,9,1,5,4,0.0,0.0
2026-03-16,B0GPVYJ9W5,B072Q14K36,1,0,8800.0,0.0,24,0,8,16,68,0,21,47,4.17,0.0
2026-03-16,B0GPVYJ9W5,B076BT6STS,0,0,0.0,0.0,1,0,0,1,1,0,0,1,0.0,0.0
2026-03-16,B0GPVYJ9W5,B076CMY7L1,0,0,0.0,0.0,72,0,33,39,122,0,54,68,0.0,0.0
2026-03-16,B0GPVYJ9W5,B076CPT1LM,1,0,9800.0,0.0,32,0,12,20,86,0,24,62,3.13,0.0
2026-03-16,B0GPVYJ9W5,B076K7T5GD,0,0,0.0,0.0,18,0,6,12,26,0,10,16,0.0,0.0
2026-03-16,B0GPVYJ9W5,B076KMR1FK,0,0,0.0,0.0,25,0,10,15,36,0,16,20,0.0,0.0
2026-03-16,B0GPVYJ9W5,B076KN3YWK,2,0,21600.0,0.0,31,0,7,24,70,0,14,56,6.45,0.0
2026-03-16,B0GPVYJ9W5,B07GWH311P,0,0,0.0,0.0,28,0,11,17,38,0,18,20,0.0,0.0
2026-03-16,B0GPVYJ9W5,B08WRHRS1D,0,0,0.0,0.0,6,0,1,5,7,0,1,6,0.0,0.0
2026-03-16,B0GPVYJ9W5,B08WRJCQC3,0,0,0.0,0.0,12,0,4,8,12,0,4,8,0.0,0.0
2026-03-16,B0GPVYJ9W5,B0C588B8W6,0,0,0.0,0.0,9,0,5,4,11,0,5,6,0.0,0.0
2026-03-16,B0GPVYJ9W5,B0C589VTYB,0,0,0.0,0.0,16,1,6,10,20,1,9,11,0.0,0.0
2026-03-16,B0GPVYJ9W5,B0DSP46SJ5,0,0,0.0,0.0,4,0,1,3,6,0,1,5,0.0,0.0
2026-03-16,B0GPVYJ9W5,B0DSP63HS2,1,0,11800.0,0.0,8,1,2,6,11,1,2,9,12.5,0.0
2026-03-16,B0GPVYJ9W5,B0DSV4FCYR,0,0,0.0,0.0,11,0,6,5,11,0,6,5,0.0,0.0
2026-03-16,B0GPVYJ9W5,B0GPVYJ9W5,0,0,0.0,0.0,1,0,1,0,1,0,1,0,0.0,0.0
2026-03-16,B0GPW7Q71K,B0D9NHHDT8,0,0,0.0,0.0,76,1,30,46,109,3,35,74,0.0,0.0
2026-03-16,B0GPW7Q71K,B0D9NLNJR8,1,0,9800.0,0.0,116,2,57,59,177,7,77,100,0.86,0.0
2026-03-16,B0GPW7Q71K,B0GCML7KNV,1,0,10900.0,0.0,130,6,57,73,240,10,104,136,0.77,0.0
2026-03-16,B0GPW7Q71K,B0GCNCJXQQ,2,0,20800.0,0.0,123,1,41,82,226,1,71,155,1.63,0.0
2026-03-16,B0GPW7Q71K,B0GPW7Q71K,0,0,0.0,0.0,1,0,1,0,2,0,2,0,0.0,0.0
2026-03-16,B0GPW95Q9R,B07D2X6279,0,0,0.0,0.0,18,0,5,13,26,0,5,21,0.0,0.0
2026-03-16,B0GPW95Q9R,B07XC61T6W,0,0,0.0,0.0,58,0,17,41,91,0,27,64,0.0,0.0
2026-03-16,B0GPW95Q9R,B08H76G429,1,0,18800.0,0.0,16,0,4,12,20,0,4,16,6.25,0.0
2026-03-16,B0GPW95Q9R,B09N1V9PGF,0,0,0.0,0.0,32,0,10,22,40,0,11,29,0.0,0.0
2026-03-16,B0GPW95Q9R,B0FC5HF9L9,3,0,33000.0,0.0,146,1,59,87,221,1,89,132,2.05,0.0
2026-03-17,B076BMTHVQ,B076BMTHVQ,0,0,0.0,0.0,2,0,1,1,2,0,1,1,0.0,0.0
2026-03-17,B076BWMYZR,B076BWMYZR,0,0,0.0,0.0,3,0,2,1,4,0,2,2,0.0,0.0
2026-03-17,B076BZ2BSG,B076BZ2BSG,0,0,0.0,0.0,4,0,1,3,4,0,1,3,0.0,0.0
2026-03-17,B08P31F45K,B09GK19G1N,0,0,0.0,0.0,10,0,3,7,10,0,3,7,0.0,0.0
2026-03-17,B08P31F45K,B09GK7JVS6,0,0,0.0,0.0,4,0,1,3,4,0,1,3,0.0,0.0
2026-03-17,B08P31F45K,B0CN3JHX9V,2,0,57600.0,0.0,35,0,8,27,49,0,11,38,5.71,0.0
2026-03-17,B08P31F45K,B0CN3LTPXT,0,0,0.0,0.0,14,0,6,8,17,0,6,11,0.0,0.0
2026-03-17,B08P31F45K,B0CN3N86F5,0,0,0.0,0.0,13,0,5,8,14,0,5,9,0.0,0.0
2026-03-17,B08P31F45K,B0DT977KJV,2,0,57600.0,0.0,48,0,12,36,59,0,15,44,4.17,0.0
2026-03-17,B08P31F45K,B0DT98HGNJ,0,0,0.0,0.0,19,0,4,15,38,0,11,27,0.0,0.0
2026-03-17,B08P31F45K,B0DT9D66X1,0,0,0.0,0.0,9,0,1,8,13,0,1,12,0.0,0.0
2026-03-17,B08P31F45K,B0DT9GW9YH,0,0,0.0,0.0,12,0,5,7,16,0,6,10,0.0,0.0
2026-03-17,B08P31F45K,B0DTH5B27T,0,0,0.0,0.0,14,0,5,9,17,0,6,11,0.0,0.0
2026-03-17,B08P31F45K,B0F7X8N5JD,1,0,28800.0,0.0,10,0,1,9,12,0,3,9,10.0,0.0
2026-03-17,B08P31F45K,B0F7XHMQDX,0,0,0.0,0.0,10,0,1,9,10,0,1,9,0.0,0.0
2026-03-17,B08P31F45K,B0FY4MPKM8,0,0,0.0,0.0,29,0,6,23,40,0,11,29,0.0,0.0
2026-03-17,B08P31F45K,B0FY4NPM7G,0,0,0.0,0.0,32,0,7,25,43,0,11,32,0.0,0.0
2026-03-17,B08P31F45K,B0FY4NVXGL,0,0,0.0,0.0,12,0,4,8,17,0,8,9,0.0,0.0
2026-03-17,B08P31F45K,B0FY4QL7LS,0,0,0.0,0.0,37,2,12,25,43,3,13,30,0.0,0.0
2026-03-17,B09KZZY78K,B09KZWRV62,0,0,0.0,0.0,28,0,13,15,36,0,17,19,0.0,0.0
2026-03-17,B09KZZY78K,B09KZYRM9H,0,0,0.0,0.0,16,0,3,13,23,0,3,20,0.0,0.0
2026-03-17,B09KZZY78K,B09KZYXKYZ,1,0,15387.0,0.0,20,0,3,17,27,0,3,24,5.0,0.0
2026-03-17,B09KZZY78K,B09L11GCFB,0,0,0.0,0.0,16,0,5,11,22,0,9,13,0.0,0.0
2026-03-17,B0BCQ2PP2J,B08P2X5DB9,0,0,0.0,0.0,18,0,6,12,24,0,6,18,0.0,0.0
2026-03-17,B0BCQ2PP2J,B09GJGRVVV,0,0,0.0,0.0,10,0,0,10,21,0,0,21,0.0,0.0
2026-03-17,B0BCQ2PP2J,B0BCQ2PP2J,0,0,0.0,0.0,1,0,1,0,1,0,1,0,0.0,0.0
2026-03-17,B0BCQ2PP2J,B0CT32RDC4,0,0,0.0,0.0,9,0,1,8,12,0,1,11,0.0,0.0
2026-03-17,B0BCQ2PP2J,B0CT5GBJLR,0,0,0.0,0.0,14,0,4,10,14,0,4,10,0.0,0.0
2026-03-17,B0BCQ2PP2J,B0CV4SWT5X,1,0,28800.0,0.0,50,0,12,38,88,0,17,71,2.0,0.0
2026-03-17,B0BCQ2PP2J,B0CV4V1VQJ,0,0,0.0,0.0,17,0,5,12,22,0,7,15,0.0,0.0
2026-03-17,B0BCQ2PP2J,B0CV4V86GN,0,0,0.0,0.0,32,0,11,21,41,0,16,25,0.0,0.0
2026-03-17,B0BCQ2PP2J,B0DR8DKPLC,0,0,0.0,0.0,12,0,1,11,18,0,1,17,0.0,0.0
2026-03-17,B0BCQ2PP2J,B0DT8T75BV,0,0,0.0,0.0,26,0,5,21,37,0,8,29,0.0,0.0
2026-03-17,B0BCQ2PP2J,B0DT9DDBC1,0,0,0.0,0.0,10,0,2,8,15,0,4,11,0.0,0.0
2026-03-17,B0BCQ2PP2J,B0DT9FQD5S,1,0,28800.0,0.0,18,0,4,14,28,0,6,22,5.56,0.0
2026-03-17,B0BCQ2PP2J,B0FY4L7J5N,0,0,0.0,0.0,15,0,4,11,20,0,5,15,0.0,0.0
2026-03-17,B0BCQ2PP2J,B0FY4LLPH5,0,0,0.0,0.0,22,0,3,19,28,0,3,25,0.0,0.0
2026-03-17,B0BCQ2PP2J,B0FY4MZZBK,0,0,0.0,0.0,26,0,12,14,40,0,16,24,0.0,0.0
2026-03-17,B0BGZMPCPS,B0BGZMZ6CW,0,0,0.0,0.0,0,0,0,0,0,0,0,0,0.0,0.0
2026-03-17,B0BGZMPCPS,B0BGZN9MQH,0,0,0.0,0.0,1,0,0,1,1,0,0,1,0.0,0.0
2026-03-17,B0D4TG2KBT,B0D4TJL2X5,0,0,0.0,0.0,19,0,9,10,26,0,10,16,0.0,0.0
2026-03-17,B0D4TG2KBT,B0D4TKK7QC,0,0,0.0,0.0,24,0,10,14,28,0,13,15,0.0,0.0
2026-03-17,B0D4TG2KBT,B0D4TMSNH1,0,0,0.0,0.0,12,0,6,6,19,0,6,13,0.0,0.0
2026-03-17,B0D86LBDVB,B01D1BSOPM,0,0,0.0,0.0,10,0,3,7,18,0,3,15,0.0,0.0
2026-03-17,B0D86LBDVB,B01N3B009P,0,0,0.0,0.0,82,1,30,52,110,2,36,74,0.0,0.0
2026-03-17,B0D86LBDVB,B01N6TYYZO,2,0,32800.0,0.0,50,1,17,33,76,1,19,57,4.0,0.0
2026-03-17,B0D86LBDVB,B01N9UXG9E,1,0,16400.0,0.0,19,1,8,11,31,1,11,20,5.26,0.0
2026-03-17,B0D86LBDVB,B01NCZ4488,0,0,0.0,0.0,21,0,5,16,25,0,7,18,0.0,0.0
2026-03-17,B0D86LBDVB,B075811BWJ,0,0,0.0,0.0,28,0,10,18,32,0,11,21,0.0,0.0
2026-03-17,B0D86LBDVB,B07DT9FBPK,0,0,0.0,0.0,52,1,21,31,82,1,30,52,0.0,0.0
2026-03-17,B0D86LBDVB,B07DTCSFDR,0,0,0.0,0.0,17,0,6,11,35,0,13,22,0.0,0.0
2026-03-17,B0D86LBDVB,B07DTCV4N4,0,0,0.0,0.0,46,1,22,24,63,2,27,36,0.0,0.0
2026-03-17,B0D86LBDVB,B081SY9LGF,0,0,0.0,0.0,8,0,1,7,9,0,1,8,0.0,0.0
2026-03-17,B0D86LBDVB,B081SZT58P,0,0,0.0,0.0,23,0,4,19,27,0,4,23,0.0,0.0
2026-03-17,B0D86LBDVB,B08X183LPL,0,0,0.0,0.0,98,1,31,67,134,1,39,95,0.0,0.0
2026-03-17,B0D86LBDVB,B08X1BFB7N,1,0,17800.0,0.0,23,1,6,17,38,1,9,29,4.35,0.0
2026-03-17,B0D86LBDVB,B08X1KJ1V2,0,0,0.0,0.0,24,1,7,17,27,1,7,20,0.0,0.0
2026-03-17,B0D86LBDVB,B08X1L3Z1D,0,0,0.0,0.0,0,0,0,0,0,0,0,0,0.0,0.0
2026-03-17,B0D86LBDVB,B08X1LFKXW,1,0,16400.0,0.0,27,0,11,16,37,0,16,21,3.7,0.0
2026-03-17,B0D86LBDVB,B0D7VGPZ1J,0,0,0.0,0.0,85,3,28,57,144,4,41,103,0.0,0.0
2026-03-17,B0D86LBDVB,B0D7VL3ZPY,3,0,49200.0,0.0,137,2,45,92,220,3,60,160,2.19,0.0
2026-03-17,B0DNMHZR1N,B074XNN319,0,0,0.0,0.0,18,0,11,7,25,0,15,10,0.0,0.0
2026-03-17,B0DNMHZR1N,B074XS6GH5,1,1,19760.0,19760.0,17,1,4,13,24,1,5,19,5.88,100.0
2026-03-17,B0DNMHZR1N,B074XSG5MH,0,0,0.0,0.0,8,0,5,3,8,0,5,3,0.0,0.0
2026-03-17,B0DNMHZR1N,B074XT7CKW,0,0,0.0,0.0,22,1,10,12,40,1,15,25,0.0,0.0
2026-03-17,B0DNMHZR1N,B074ZYP79P,0,0,0.0,0.0,5,0,0,5,6,0,0,6,0.0,0.0
2026-03-17,B0DNMHZR1N,B07516477J,1,0,15800.0,0.0,40,1,16,24,81,1,22,59,2.5,0.0
2026-03-17,B0DNMHZR1N,B07519MK8F,0,0,0.0,0.0,22,1,10,12,35,1,16,19,0.0,0.0
2026-03-17,B0DNMHZR1N,B07543CN2T,0,0,0.0,0.0,7,0,2,5,7,0,2,5,0.0,0.0
2026-03-17,B0DNMHZR1N,B07544J3M4,0,0,0.0,0.0,7,0,2,5,8,0,2,6,0.0,0.0
2026-03-17,B0DNMHZR1N,B07CYRH7PP,0,0,0.0,0.0,17,1,12,5,34,1,26,8,0.0,0.0
2026-03-17,B0DNMHZR1N,B07TTD8PSH,1,0,20800.0,0.0,9,1,3,6,15,1,4,11,11.11,0.0
2026-03-17,B0DNMHZR1N,B07TWHQCTH,0,0,0.0,0.0,10,1,4,6,16,2,9,7,0.0,0.0
2026-03-17,B0DNMHZR1N,B07TXLGQRR,0,0,0.0,0.0,23,1,11,12,31,1,13,18,0.0,0.0
2026-03-17,B0DNMHZR1N,B0819R4XCV,0,0,0.0,0.0,6,0,3,3,6,0,3,3,0.0,0.0
2026-03-17,B0DNMHZR1N,B0DNMHZR1N,0,0,0.0,0.0,1,0,1,0,1,0,1,0,0.0,0.0
2026-03-17,B0DNMHZR1N,B0F7WHCJQL,0,0,0.0,0.0,19,0,8,11,20,0,8,12,0.0,0.0
2026-03-17,B0DNMHZR1N,B0F7WHKGT4,0,0,0.0,0.0,7,0,3,4,8,0,4,4,0.0,0.0
2026-03-17,B0DNMHZR1N,B0F7WMHMQT,0,0,0.0,0.0,8,0,3,5,9,0,3,6,0.0,0.0
2026-03-17,B0DNMHZR1N,B0F7WSRC91,0,0,0.0,0.0,8,1,5,3,9,1,6,3,0.0,0.0
2026-03-17,B0DP7NWDNZ,B0D8VPS7ZR,3,0,20940.0,0.0,111,2,39,72,167,4,54,113,2.7,0.0
2026-03-17,B0DP7NWDNZ,B0D8VPZ3JF,2,0,13960.0,0.0,80,2,28,52,145,2,38,107,2.5,0.0
2026-03-17,B0DP7NWDNZ,B0D8VR2CW4,3,0,20940.0,0.0,79,2,33,46,125,2,42,83,3.8,0.0
2026-03-17,B0DP7NWDNZ,B0DT9GFBPQ,1,0,6980.0,0.0,90,3,45,45,139,4,57,82,1.11,0.0
2026-03-17,B0DSMDW3XP,B082YBFK7F,0,0,0.0,0.0,4,0,1,3,4,0,1,3,0.0,0.0
2026-03-17,B0DSMDW3XP,B082YBP78K,1,0,43470.0,0.0,25,0,11,14,32,0,13,19,4.0,0.0
2026-03-17,B0DSMDW3XP,B0842MNWGN,0,0,0.0,0.0,22,1,10,12,26,1,10,16,0.0,0.0
2026-03-17,B0DSMDW3XP,B0842MPP9M,0,0,0.0,0.0,18,0,6,12,21,0,6,15,0.0,0.0
2026-03-17,B0DSMDW3XP,B0842N5V5C,0,0,0.0,0.0,8,0,3,5,8,0,3,5,0.0,0.0
2026-03-17,B0DSMDW3XP,B08H4N7CL4,0,0,0.0,0.0,8,0,2,6,12,0,3,9,0.0,0.0
2026-03-17,B0DSMDW3XP,B08H4XDFJ8,0,0,0.0,0.0,26,0,7,19,35,0,8,27,0.0,0.0
2026-03-17,B0DSMDW3XP,B08HPXFHV6,0,0,0.0,0.0,16,0,9,7,21,0,12,9,0.0,0.0
2026-03-17,B0DSMDW3XP,B08HQFQX3F,0,0,0.0,0.0,19,0,6,13,32,0,8,24,0.0,0.0
2026-03-17,B0F5Q56316,B0F1DY5Z6S,1,0,1280.0,0.0,17,0,11,6,20,0,14,6,5.88,0.0
2026-03-17,B0F5Q56316,B0F1F2HY7Q,0,0,0.0,0.0,3,0,2,1,3,0,2,1,0.0,0.0
2026-03-17,B0F8N7DWVV,B0F74VW882,0,0,0.0,0.0,1,0,0,1,1,0,0,1,0.0,0.0
2026-03-17,B0F8N7DWVV,B0F8NCYVYR,0,0,0.0,0.0,1,0,0,1,1,0,0,1,0.0,0.0
2026-03-17,B0F8NK36FX,B0F8NJPCC4,0,0,0.0,0.0,1,0,1,0,1,0,1,0,0.0,0.0
2026-03-17,B0F8VN4X7W,B0F8VKMKBB,0,0,0.0,0.0,1,0,0,1,1,0,0,1,0.0,0.0
2026-03-17,B0F8VN4X7W,B0F8VQG4KB,0,0,0.0,0.0,2,0,0,2,2,0,0,2,0.0,0.0
2026-03-17,B0F8VN4X7W,B0F8VRFJSW,0,0,0.0,0.0,2,0,1,1,2,0,1,1,0.0,0.0
2026-03-17,B0FJ1YK4K7,B0FJ1XXYFP,0,0,0.0,0.0,27,0,12,15,38,0,18,20,0.0,0.0
2026-03-17,B0FJ1YK4K7,B0FJ1Y577L,0,0,0.0,0.0,15,0,5,10,22,0,5,17,0.0,0.0
2026-03-17,B0FJ1YK4K7,B0FJ1YK4K7,0,0,0.0,0.0,1,0,1,0,1,0,1,0,0.0,0.0
2026-03-17,B0FJ1YK4K7,B0FJ1ZH91Y,0,0,0.0,0.0,72,1,26,46,106,1,38,68,0.0,0.0
2026-03-17,B0FJ1YK4K7,B0GJRLB89H,0,0,0.0,0.0,30,0,12,18,49,0,26,23,0.0,0.0
2026-03-17,B0GCCVX3QS,B0DY5QT64L,0,0,0.0,0.0,14,0,7,7,21,0,12,9,0.0,0.0
2026-03-17,B0GCCVX3QS,B0DY5QX8W6,0,0,0.0,0.0,12,0,5,7,15,0,6,9,0.0,0.0
2026-03-17,B0GCCVX3QS,B0DY5RFC8B,0,0,0.0,0.0,17,0,7,10,25,0,11,14,0.0,0.0
2026-03-17,B0GCCVX3QS,B0DY5RSTYM,0,0,0.0,0.0,15,0,9,6,15,0,9,6,0.0,0.0
2026-03-17,B0GCCVX3QS,B0DY5RX8BC,0,0,0.0,0.0,20,0,8,12,23,0,8,15,0.0,0.0
2026-03-17,B0GCCVX3QS,B0GCHJ46P6,0,0,0.0,0.0,8,0,4,4,8,0,4,4,0.0,0.0
2026-03-17,B0GCCVX3QS,B0GCHJD81G,0,0,0.0,0.0,6,1,5,1,7,1,6,1,0.0,0.0
2026-03-17,B0GCCVX3QS,B0GCHJSQSR,0,0,0.0,0.0,5,0,3,2,6,0,4,2,0.0,0.0
2026-03-17,B0GCCVX3QS,B0GCHK5PF9,0,0,0.0,0.0,4,0,2,2,4,0,2,2,0.0,0.0
2026-03-17,B0GCCVX3QS,B0GCHYN4FQ,0,0,0.0,0.0,6,0,2,4,6,0,2,4,0.0,0.0
2026-03-17,B0GCCVX3QS,B0GCHYSHQN,0,0,0.0,0.0,3,0,0,3,3,0,0,3,0.0,0.0
2026-03-17,B0GCCVX3QS,B0GCJC7FWJ,0,0,0.0,0.0,6,0,3,3,7,0,3,4,0.0,0.0
2026-03-17,B0GCCVX3QS,B0GCJCP1HG,0,0,0.0,0.0,4,0,2,2,5,0,3,2,0.0,0.0
2026-03-17,B0GCCVX3QS,B0GCJD3GQT,0,0,0.0,0.0,4,0,2,2,6,0,2,4,0.0,0.0
2026-03-17,B0GCCVX3QS,B0GCJKRLZC,0,0,0.0,0.0,6,1,4,2,6,1,4,2,0.0,0.0
2026-03-17,B0GCCVX3QS,B0GCJR1FHL,0,0,0.0,0.0,1,0,0,1,1,0,0,1,0.0,0.0
2026-03-17,B0GCCVX3QS,B0GCK39NBW,0,0,0.0,0.0,9,0,3,6,9,0,3,6,0.0,0.0
2026-03-17,B0GPNG1M7Y,B0GPNTM2R5,0,0,0.0,0.0,4,0,1,3,4,0,1,3,0.0,0.0
2026-03-17,B0GPVSJ68J,B077CVQPXD,0,0,0.0,0.0,10,0,4,6,10,0,4,6,0.0,0.0
2026-03-17,B0GPVSJ68J,B0CV4X1LYZ,0,0,0.0,0.0,47,1,12,35,64,1,15,49,0.0,0.0
2026-03-17,B0GPVSJ68J,B0CV4ZBFRZ,0,0,0.0,0.0,19,0,5,14,29,0,9,20,0.0,0.0
2026-03-17,B0GPVSJ68J,B0DRVB5VCW,0,0,0.0,0.0,38,0,12,26,54,0,16,38,0.0,0.0
2026-03-17,B0GPVYJ9W5,B01719SX5Q,0,0,0.0,0.0,32,0,11,21,53,0,22,31,0.0,0.0
2026-03-17,B0GPVYJ9W5,B01719SX74,0,0,0.0,0.0,11,0,3,8,17,0,3,14,0.0,0.0
2026-03-17,B0GPVYJ9W5,B01719SX7E,0,0,0.0,0.0,1,0,0,1,1,0,0,1,0.0,0.0
2026-03-17,B0GPVYJ9W5,B01719SX8I,0,0,0.0,0.0,8,0,5,3,10,0,7,3,0.0,0.0
2026-03-17,B0GPVYJ9W5,B01719SX9C,0,0,0.0,0.0,31,1,11,20,46,1,18,28,0.0,0.0
2026-03-17,B0GPVYJ9W5,B01719SXC4,0,0,0.0,0.0,5,0,1,4,5,0,1,4,0.0,0.0
2026-03-17,B0GPVYJ9W5,B01719SXCO,0,0,0.0,0.0,20,0,7,13,29,0,10,19,0.0,0.0
2026-03-17,B0GPVYJ9W5,B01E8HZPHI,0,0,0.0,0.0,3,0,1,2,4,0,1,3,0.0,0.0
2026-03-17,B0GPVYJ9W5,B01I6DN7VQ,0,0,0.0,0.0,31,0,11,20,40,0,14,26,0.0,0.0
2026-03-17,B0GPVYJ9W5,B01IP61FU4,0,0,0.0,0.0,4,0,0,4,6,0,0,6,0.0,0.0
2026-03-17,B0GPVYJ9W5,B01IP61FXG,0,0,0.0,0.0,4,1,1,3,6,1,1,5,0.0,0.0
2026-03-17,B0GPVYJ9W5,B01IP61FXQ,0,0,0.0,0.0,3,2,1,2,5,4,1,4,0.0,0.0
2026-03-17,B0GPVYJ9W5,B01MQPBIKQ,0,0,0.0,0.0,3,0,1,2,3,0,1,2,0.0,0.0
2026-03-17,B0GPVYJ9W5,B01MQPBIOC,0,0,0.0,0.0,6,2,3,3,8,2,3,5,0.0,0.0
2026-03-17,B0GPVYJ9W5,B01N6A3UWA,0,0,0.0,0.0,4,2,2,2,9,7,3,6,0.0,0.0
2026-03-17,B0GPVYJ9W5,B01NACFFOZ,0,0,0.0,0.0,4,0,2,2,5,0,2,3,0.0,0.0
2026-03-17,B0GPVYJ9W5,B01NBDN4B1,0,0,0.0,0.0,6,1,2,4,6,1,2,4,0.0,0.0
2026-03-17,B0GPVYJ9W5,B072Q14K36,1,0,8800.0,0.0,25,0,8,17,46,0,18,28,4.0,0.0
2026-03-17,B0GPVYJ9W5,B076BT6STS,0,0,0.0,0.0,1,0,0,1,1,0,0,1,0.0,0.0
2026-03-17,B0GPVYJ9W5,B076CMY7L1,0,0,0.0,0.0,57,1,21,36,86,1,27,59,0.0,0.0
2026-03-17,B0GPVYJ9W5,B076CPT1LM,0,0,0.0,0.0,25,0,6,19,53,0,8,45,0.0,0.0
2026-03-17,B0GPVYJ9W5,B076K7T5GD,0,0,0.0,0.0,13,1,7,6,14,1,7,7,0.0,0.0
2026-03-17,B0GPVYJ9W5,B076KMR1FK,0,0,0.0,0.0,14,0,6,8,16,0,7,9,0.0,0.0
2026-03-17,B0GPVYJ9W5,B076KN3YWK,0,0,0.0,0.0,18,0,5,13,21,0,6,15,0.0,0.0
2026-03-17,B0GPVYJ9W5,B07GWH311P,0,0,0.0,0.0,17,0,6,11,17,0,6,11,0.0,0.0
2026-03-17,B0GPVYJ9W5,B08WRHRS1D,0,0,0.0,0.0,4,0,0,4,5,0,0,5,0.0,0.0
2026-03-17,B0GPVYJ9W5,B08WRJCQC3,0,0,0.0,0.0,7,0,2,5,7,0,2,5,0.0,0.0
2026-03-17,B0GPVYJ9W5,B0C588B8W6,0,0,0.0,0.0,7,0,4,3,7,0,4,3,0.0,0.0
2026-03-17,B0GPVYJ9W5,B0C589VTYB,0,0,0.0,0.0,7,2,4,3,8,2,5,3,0.0,0.0
2026-03-17,B0GPVYJ9W5,B0DSP46SJ5,0,0,0.0,0.0,3,0,0,3,5,0,0,5,0.0,0.0
2026-03-17,B0GPVYJ9W5,B0DSP63HS2,1,0,11800.0,0.0,7,2,2,5,14,6,6,8,14.29,0.0
2026-03-17,B0GPVYJ9W5,B0DSV4FCYR,0,0,0.0,0.0,6,1,2,4,6,1,2,4,0.0,0.0
2026-03-17,B0GPVYJ9W5,B0GPVYJ9W5,0,0,0.0,0.0,1,0,1,0,1,0,1,0,0.0,0.0
2026-03-17,B0GPW7Q71K,B0D9NHHDT8,0,0,0.0,0.0,70,2,27,43,95,4,31,64,0.0,0.0
2026-03-17,B0GPW7Q71K,B0D9NLNJR8,1,0,9800.0,0.0,98,4,50,48,163,10,67,96,1.02,0.0
2026-03-17,B0GPW7Q71K,B0GCML7KNV,1,0,10900.0,0.0,107,4,49,58,202,8,86,116,0.93,0.0
2026-03-17,B0GPW7Q71K,B0GCNCJXQQ,3,0,31200.0,0.0,93,2,37,56,159,2,54,105,3.23,0.0
2026-03-17,B0GPW7Q71K,B0GPW7Q71K,0,0,0.0,0.0,1,0,1,0,2,0,2,0,0.0,0.0
2026-03-17,B0GPW95Q9R,B07D2X6279,0,0,0.0,0.0,19,1,5,14,25,1,6,19,0.0,0.0
2026-03-17,B0GPW95Q9R,B07XC61T6W,0,0,0.0,0.0,50,2,15,35,65,2,22,43,0.0,0.0
2026-03-17,B0GPW95Q9R,B08H76G429,0,0,0.0,0.0,20,1,7,13,22,1,9,13,0.0,0.0
2026-03-17,B0GPW95Q9R,B09N1V9PGF,0,0,0.0,0.0,26,3,9,17,37,3,12,25,0.0,0.0
2026-03-17,B0GPW95Q9R,B0FC5HF9L9,0,0,0.0,0.0,100,4,42,58,153,5,66,87,0.0,0.0
2026-03-18,B0GCCVX3QS,B0GCHK5PF9,0,0,0.0,0.0,4,0,3,1,4,0,3,1,0.0,0.0
2026-03-18,B0GPVYJ9W5,B01E8HZPHI,0,0,0.0,0.0,8,0,4,4,11,0,7,4,0.0,0.0
2026-03-18,B0BCQ2PP2J,B0DT9DDBC1,0,0,0.0,0.0,21,0,3,18,34,0,6,28,0.0,0.0
2026-03-18,B0D86LBDVB,B08X1LFKXW,0,0,0.0,0.0,23,2,7,16,31,3,11,20,0.0,0.0
2026-03-18,B0GCCVX3QS,B0GCHYN4FQ,0,0,0.0,0.0,4,0,2,2,5,0,3,2,0.0,0.0
2026-03-18,B0GPVSJ68J,B077CVQPXD,0,0,0.0,0.0,19,0,8,11,19,0,8,11,0.0,0.0
2026-03-18,B0DP7NWDNZ,B0D8VPS7ZR,4,0,26524.0,0.0,150,2,51,99,225,4,77,148,2.67,0.0
2026-03-18,B0GCCVX3QS,B0GCJD3GQT,0,0,0.0,0.0,6,0,4,2,6,0,4,2,0.0,0.0
2026-03-18,B0DNMHZR1N,B0F7WHCJQL,0,0,0.0,0.0,18,0,8,10,37,0,24,13,0.0,0.0
2026-03-18,B08P31F45K,B0DT9GW9YH,0,0,0.0,0.0,13,0,7,6,13,0,7,6,0.0,0.0
2026-03-18,B0GPW95Q9R,B08H76G429,0,0,0.0,0.0,38,2,8,30,48,2,10,38,0.0,0.0
2026-03-18,B0GPVYJ9W5,B01719SXCO,0,0,0.0,0.0,11,0,4,7,13,0,5,8,0.0,0.0
2026-03-18,B09KZZY78K,B09KZYXKYZ,1,0,15387.0,0.0,29,0,3,26,38,0,7,31,3.45,0.0
2026-03-18,B09KZZY78K,B09KZWRV62,0,0,0.0,0.0,37,0,15,22,50,0,19,31,0.0,0.0
2026-03-18,B0BCQ2PP2J,B0FY4L7J5N,0,0,0.0,0.0,20,0,7,13,33,0,9,24,0.0,0.0
2026-03-18,B0BCQ2PP2J,B0FY4LLPH5,0,0,0.0,0.0,29,0,9,20,36,0,13,23,0.0,0.0
2026-03-18,B0DNMHZR1N,B07TWHQCTH,0,0,0.0,0.0,8,1,4,4,12,1,7,5,0.0,0.0
2026-03-18,B0GPVYJ9W5,B01NBDN4B1,0,0,0.0,0.0,7,0,5,2,7,0,5,2,0.0,0.0
2026-03-18,B0GCCVX3QS,B0GCK39NBW,0,0,0.0,0.0,7,0,2,5,8,0,2,6,0.0,0.0
2026-03-18,B0GPVYJ9W5,B076CMY7L1,1,0,8820.0,0.0,55,1,18,37,87,1,28,59,1.82,0.0
2026-03-18,B0GPVYJ9W5,B0DSV4FCYR,0,0,0.0,0.0,5,1,1,4,5,1,1,4,0.0,0.0
2026-03-18,B08P31F45K,B0FY4NVXGL,0,0,0.0,0.0,12,0,5,7,14,0,7,7,0.0,0.0
2026-03-18,B0GPW95Q9R,B07XC61T6W,0,0,0.0,0.0,62,3,20,42,80,3,26,54,0.0,0.0
2026-03-18,B0BCQ2PP2J,B0FY4MZZBK,2,0,57600.0,0.0,29,0,10,19,57,0,16,41,6.9,0.0
2026-03-18,B0F8VN4X7W,B0F8VQG4KB,0,0,0.0,0.0,2,0,0,2,3,0,0,3,0.0,0.0
2026-03-18,B0GPVYJ9W5,B072Q14K36,0,0,0.0,0.0,22,0,11,11,29,0,13,16,0.0,0.0
2026-03-18,B0FJ1YK4K7,B0FJ1XXYFP,0,0,0.0,0.0,22,0,9,13,37,0,15,22,0.0,0.0
2026-03-18,B0GPVYJ9W5,B0C589VTYB,0,0,0.0,0.0,9,1,6,3,11,1,8,3,0.0,0.0
2026-03-18,B0GPW7Q71K,B0D9NLNJR8,1,0,9800.0,0.0,119,3,48,71,188,4,66,122,0.84,0.0
2026-03-18,B0GPVYJ9W5,B01MQPBIKQ,0,0,0.0,0.0,3,0,2,1,3,0,2,1,0.0,0.0
2026-03-18,B0GCCVX3QS,B0DY5RX8BC,0,0,0.0,0.0,12,0,5,7,14,0,5,9,0.0,0.0
2026-03-18,B0GPVYJ9W5,B01MQPBIOC,0,0,0.0,0.0,8,1,5,3,10,1,5,5,0.0,0.0
2026-03-18,B0GCCVX3QS,B0GCHJSQSR,0,0,0.0,0.0,3,1,3,0,3,1,3,0,0.0,0.0
2026-03-18,B0DNMHZR1N,B074XNN319,1,0,14800.0,0.0,31,0,14,17,40,0,19,21,3.23,0.0
2026-03-18,B0FJ1YK4K7,B0GJRLB89H,0,0,0.0,0.0,16,0,7,9,26,0,13,13,0.0,0.0
2026-03-18,B0GPVYJ9W5,B0C588B8W6,0,0,0.0,0.0,10,0,6,4,10,0,6,4,0.0,0.0
2026-03-18,B0D86LBDVB,B01NCZ4488,0,0,0.0,0.0,23,1,7,16,29,1,9,20,0.0,0.0
2026-03-18,B0DNMHZR1N,B0F7WMHMQT,0,0,0.0,0.0,10,0,4,6,12,0,4,8,0.0,0.0
2026-03-18,B08P31F45K,B0CN3LTPXT,1,0,23256.0,0.0,18,0,8,10,23,0,11,12,5.56,0.0
2026-03-18,B0DSMDW3XP,B08HPXFHV6,0,0,0.0,0.0,15,0,7,8,17,0,8,9,0.0,0.0
2026-03-18,B08P31F45K,B0F7X8N5JD,1,0,19494.0,0.0,21,0,4,17,30,0,5,25,4.76,0.0
2026-03-18,B08P31F45K,B0FY4NPM7G,2,0,51840.0,0.0,28,0,7,21,37,0,8,29,7.14,0.0
2026-03-18,B0F8N7DWVV,B0F8NCYVYR,0,0,0.0,0.0,1,0,0,1,1,0,0,1,0.0,0.0
2026-03-18,B0D86LBDVB,B08X1KJ1V2,0,0,0.0,0.0,24,1,9,15,28,1,9,19,0.0,0.0
2026-03-18,B0GCCVX3QS,B0DY5RFC8B,0,0,0.0,0.0,16,0,8,8,22,0,12,10,0.0,0.0
2026-03-18,B0GPW7Q71K,B0D9NHHDT8,0,0,0.0,0.0,88,1,28,60,114,1,32,82,0.0,0.0
2026-03-18,B0DNMHZR1N,B0819R4XCV,0,0,0.0,0.0,8,0,6,2,10,0,8,2,0.0,0.0
2026-03-18,B0DSMDW3XP,B08H4N7CL4,0,0,0.0,0.0,8,0,3,5,11,0,3,8,0.0,0.0
2026-03-18,B0FJ1YK4K7,B0FJ1Y577L,0,0,0.0,0.0,6,0,3,3,11,0,5,6,0.0,0.0
2026-03-18,B08P31F45K,B0DT977KJV,1,0,28800.0,0.0,34,0,8,26,48,0,9,39,2.94,0.0
2026-03-18,B0DP7NWDNZ,B0D8VR2CW4,3,0,19544.0,0.0,90,3,39,51,121,4,54,67,3.33,0.0
2026-03-18,B0GPVYJ9W5,B076BT6STS,0,0,0.0,0.0,3,0,2,1,3,0,2,1,0.0,0.0
2026-03-18,B0DSMDW3XP,B08H4XDFJ8,0,0,0.0,0.0,29,0,12,17,45,0,13,32,0.0,0.0
2026-03-18,B0D86LBDVB,B075811BWJ,0,0,0.0,0.0,20,1,9,11,26,1,11,15,0.0,0.0
2026-03-18,B0DSMDW3XP,B08HQFQX3F,0,0,0.0,0.0,17,0,8,9,22,0,10,12,0.0,0.0
2026-03-18,B0D86LBDVB,B07DTCSFDR,0,0,0.0,0.0,14,0,5,9,23,0,12,11,0.0,0.0
2026-03-18,B0DNMHZR1N,B074ZYP79P,0,0,0.0,0.0,7,0,3,4,9,0,5,4,0.0,0.0
2026-03-18,B0DNMHZR1N,B074XSG5MH,0,0,0.0,0.0,6,0,4,2,7,0,5,2,0.0,0.0
2026-03-18,B0DP7NWDNZ,B0D8VPZ3JF,1,0,6980.0,0.0,100,2,34,66,154,2,51,103,1.0,0.0
2026-03-18,B0DNMHZR1N,B07TTD8PSH,0,0,0.0,0.0,14,0,11,3,16,0,13,3,0.0,0.0
2026-03-18,B0GPVYJ9W5,B08WRJCQC3,0,0,0.0,0.0,8,0,3,5,8,0,3,5,0.0,0.0
2026-03-18,B0GPW7Q71K,B0GCNCJXQQ,3,0,30160.0,0.0,105,1,41,64,175,1,56,119,2.86,0.0
2026-03-18,B09KZZY78K,B09KZYRM9H,0,0,0.0,0.0,20,0,3,17,27,0,3,24,0.0,0.0
2026-03-18,B0GPVYJ9W5,B076K7T5GD,0,0,0.0,0.0,15,2,11,4,15,2,11,4,0.0,0.0
2026-03-18,B0GCCVX3QS,B0GCJR1FHL,0,0,0.0,0.0,1,0,1,0,1,0,1,0,0.0,0.0
2026-03-18,B0GPW95Q9R,B07D2X6279,0,0,0.0,0.0,22,2,6,16,33,6,7,26,0.0,0.0
2026-03-18,B0BCQ2PP2J,B0CV4V1VQJ,0,0,0.0,0.0,24,0,7,17,28,0,10,18,0.0,0.0
2026-03-18,B0GPVYJ9W5,B01719SX74,0,0,0.0,0.0,15,0,5,10,23,0,6,17,0.0,0.0
2026-03-18,B0GPVYJ9W5,B07GWH311P,0,0,0.0,0.0,15,0,7,8,16,0,7,9,0.0,0.0
2026-03-18,B0GPVYJ9W5,B0GPVYJ9W5,0,0,0.0,0.0,1,0,1,0,1,0,1,0,0.0,0.0
2026-03-18,B0DSMDW3XP,B082YBP78K,0,0,0.0,0.0,26,0,11,15,39,0,19,20,0.0,0.0
2026-03-18,B08P31F45K,B0FY4QL7LS,1,0,25920.0,0.0,42,1,15,27,60,1,21,39,2.38,0.0
2026-03-18,B0GCCVX3QS,B0DY5QX8W6,0,0,0.0,0.0,31,1,12,19,35,2,14,21,0.0,0.0
2026-03-18,B0GCCVX3QS,B0GCHJ46P6,0,0,0.0,0.0,4,0,2,2,4,0,2,2,0.0,0.0
2026-03-18,B0GPVSJ68J,B0CV4ZBFRZ,0,0,0.0,0.0,28,0,9,19,40,0,14,26,0.0,0.0
2026-03-18,B0DSMDW3XP,B0842MPP9M,0,0,0.0,0.0,14,0,6,8,16,0,7,9,0.0,0.0
2026-03-18,B09KZZY78K,B09L11GCFB,0,0,0.0,0.0,27,0,5,22,42,0,8,34,0.0,0.0
2026-03-18,B0DNMHZR1N,B07CYRH7PP,0,0,0.0,0.0,23,2,15,8,41,5,29,12,0.0,0.0
2026-03-18,B0GCCVX3QS,B0GCJCP1HG,0,0,0.0,0.0,6,0,3,3,7,0,4,3,0.0,0.0
2026-03-18,B08P31F45K,B0DT98HGNJ,1,0,25920.0,0.0,18,0,4,14,27,0,4,23,5.56,0.0
2026-03-18,B08P31F45K,B0F7XHMQDX,0,0,0.0,0.0,13,0,3,10,14,0,3,11,0.0,0.0
2026-03-18,B0D4TG2KBT,B0D4TKK7QC,1,0,9399.0,0.0,30,0,10,20,37,0,11,26,3.33,0.0
2026-03-18,B0F8N7DWVV,B0F74VW882,0,0,0.0,0.0,1,0,0,1,1,0,0,1,0.0,0.0
2026-03-18,B08P31F45K,B0CN3N86F5,0,0,0.0,0.0,17,0,3,14,21,0,3,18,0.0,0.0
2026-03-18,B0BCQ2PP2J,B0CV4SWT5X,0,0,0.0,0.0,63,0,16,47,94,0,21,73,0.0,0.0
2026-03-18,B0D86LBDVB,B0D7VL3ZPY,1,0,16400.0,0.0,120,4,37,83,189,5,50,139,0.83,0.0
2026-03-18,B0GPVYJ9W5,B076CPT1LM,0,0,0.0,0.0,26,0,8,18,38,0,13,25,0.0,0.0
2026-03-18,B0GPVYJ9W5,B01719SXC4,0,0,0.0,0.0,5,0,5,0,5,0,5,0,0.0,0.0
2026-03-18,B0BCQ2PP2J,B0CV4V86GN,0,0,0.0,0.0,47,0,15,32,61,0,20,41,0.0,0.0
2026-03-18,B0BCQ2PP2J,B0CT5GBJLR,0,0,0.0,0.0,18,0,5,13,20,0,5,15,0.0,0.0
2026-03-18,B0D86LBDVB,B08X1BFB7N,1,0,17800.0,0.0,33,2,9,24,44,2,13,31,3.03,0.0
2026-03-18,B0GPVYJ9W5,B01IP61FU4,0,0,0.0,0.0,5,0,2,3,5,0,2,3,0.0,0.0
2026-03-18,B0D86LBDVB,B01D1BSOPM,0,0,0.0,0.0,14,0,3,11,19,0,3,16,0.0,0.0
2026-03-18,B0GPVSJ68J,B0CV4X1LYZ,0,0,0.0,0.0,62,1,16,46,97,1,31,66,0.0,0.0
2026-03-18,B0DP7NWDNZ,B0DT9GFBPQ,1,0,6282.0,0.0,117,2,48,69,174,3,65,109,0.85,0.0
2026-03-18,B0BCQ2PP2J,B0CT32RDC4,0,0,0.0,0.0,12,0,3,9,18,0,6,12,0.0,0.0
2026-03-18,B08P31F45K,B0CN3JHX9V,1,0,28800.0,0.0,40,0,14,26,66,0,16,50,2.5,0.0
2026-03-18,B0F5Q56316,B0F1F2HY7Q,0,0,0.0,0.0,3,0,1,2,4,0,1,3,0.0,0.0
2026-03-18,B0GPVYJ9W5,B01N6A3UWA,0,0,0.0,0.0,2,1,2,0,3,2,3,0,0.0,0.0
2026-03-18,B0GPVYJ9W5,B076KN3YWK,0,0,0.0,0.0,21,0,10,11,24,0,11,13,0.0,0.0
2026-03-18,B0F5Q56316,B0F1DY5Z6S,0,0,0.0,0.0,13,0,7,6,15,0,9,6,0.0,0.0
2026-03-18,B0BCQ2PP2J,B09GJGRVVV,1,0,18599.0,0.0,15,0,1,14,31,0,2,29,6.67,0.0
2026-03-18,B0D86LBDVB,B08X183LPL,0,0,0.0,0.0,93,1,34,59,124,1,43,81,0.0,0.0
2026-03-18,B0F8NK36FX,B0F8NGCB5N,0,0,0.0,0.0,1,0,0,1,1,0,0,1,0.0,0.0
2026-03-18,B0BCQ2PP2J,B0DR8DKPLC,0,0,0.0,0.0,18,0,2,16,24,0,2,22,0.0,0.0
2026-03-18,B0D4TG2KBT,B0D4TJL2X5,0,0,0.0,0.0,32,0,11,21,45,0,13,32,0.0,0.0
2026-03-18,B0DNMHZR1N,B07519MK8F,0,0,0.0,0.0,30,1,14,16,40,1,20,20,0.0,0.0
2026-03-18,B0DNMHZR1N,B07TXLGQRR,0,0,0.0,0.0,27,0,14,13,32,0,15,17,0.0,0.0
2026-03-18,B0DNMHZR1N,B07543CN2T,1,0,15499.0,0.0,10,0,8,2,16,0,14,2,10.0,0.0
2026-03-18,B0GPVYJ9W5,B01NACFFOZ,0,0,0.0,0.0,5,0,2,3,6,0,2,4,0.0,0.0
2026-03-18,B0GPW95Q9R,B0FC5HF9L9,2,0,19800.0,0.0,130,4,50,80,217,5,91,126,1.54,0.0
2026-03-18,B0GPVYJ9W5,B0DSP63HS2,0,0,0.0,0.0,7,3,5,2,18,13,15,3,0.0,0.0
2026-03-18,B0BCQ2PP2J,B08P2X5DB9,0,0,0.0,0.0,17,0,7,10,27,0,7,20,0.0,0.0
2026-03-18,B0D86LBDVB,B01N3B009P,0,0,0.0,0.0,75,2,26,49,103,3,33,70,0.0,0.0
2026-03-18,B0DNMHZR1N,B0F7WSRC91,0,0,0.0,0.0,13,0,8,5,17,0,12,5,0.0,0.0
2026-03-18,B0GCCVX3QS,B0GCJC7FWJ,0,0,0.0,0.0,7,0,4,3,7,0,4,3,0.0,0.0
2026-03-18,B0D86LBDVB,B0D7VGPZ1J,1,0,16400.0,0.0,101,4,40,61,157,5,59,98,0.99,0.0
2026-03-18,B0GPVYJ9W5,B01IP61FXQ,0,0,0.0,0.0,2,1,2,0,2,1,2,0,0.0,0.0
2026-03-18,B0GPVYJ9W5,B01719SX8I,0,0,0.0,0.0,11,0,7,4,20,0,10,10,0.0,0.0
2026-03-18,B0D86LBDVB,B01N6TYYZO,1,0,16400.0,0.0,50,1,17,33,75,1,22,53,2.0,0.0
2026-03-18,B0D4TG2KBT,B0D4TMSNH1,0,0,0.0,0.0,31,0,11,20,47,0,14,33,0.0,0.0
2026-03-18,B0BCQ2PP2J,B0DT9FQD5S,0,0,0.0,0.0,18,0,8,10,20,0,8,12,0.0,0.0
2026-03-18,B0GPW95Q9R,B09N1V9PGF,0,0,0.0,0.0,34,4,11,23,60,10,13,47,0.0,0.0
2026-03-18,B0GPVYJ9W5,B01719SX9C,0,0,0.0,0.0,27,1,8,19,39,1,13,26,0.0,0.0
2026-03-18,B0GCCVX3QS,B0GCJKRLZC,0,0,0.0,0.0,9,1,5,4,15,1,11,4,0.0,0.0
2026-03-18,B0FJ1YK4K7,B0FJ1ZH91Y,0,0,0.0,0.0,45,0,15,30,70,0,22,48,0.0,0.0
2026-03-18,B0GCCVX3QS,B0DY5RSTYM,0,0,0.0,0.0,15,0,6,9,16,0,6,10,0.0,0.0
2026-03-18,B0GPVYJ9W5,B0DSP46SJ5,0,0,0.0,0.0,1,0,0,1,1,0,0,1,0.0,0.0
2026-03-18,B0DSMDW3XP,B0842N5V5C,0,0,0.0,0.0,7,0,2,5,8,0,3,5,0.0,0.0
2026-03-18,B0GPVYJ9W5,B01IP61FXG,0,0,0.0,0.0,1,0,0,1,1,0,0,1,0.0,0.0
2026-03-18,B08P31F45K,B09GK19G1N,1,0,8328.0,0.0,15,0,4,11,22,0,7,15,6.67,0.0
2026-03-18,B0F8VN4X7W,B0F8VRFJSW,0,0,0.0,0.0,1,0,1,0,1,0,1,0,0.0,0.0
2026-03-18,B0GPW7Q71K,B0GCML7KNV,0,0,0.0,0.0,98,3,46,52,151,6,64,87,0.0,0.0
2026-03-18,B0GPVYJ9W5,B08WRHRS1D,0,0,0.0,0.0,12,0,5,7,13,0,5,8,0.0,0.0
2026-03-18,B0GPVYJ9W5,B01719SX5Q,0,0,0.0,0.0,28,0,13,15,42,0,22,20,0.0,0.0
2026-03-18,B0GPVYJ9W5,B076KMR1FK,1,0,9720.0,0.0,11,0,6,5,12,0,6,6,9.09,0.0
2026-03-18,B0DSMDW3XP,B0842MNWGN,0,0,0.0,0.0,19,0,9,10,19,0,9,10,0.0,0.0
2026-03-18,B0DNMHZR1N,B0DNMHZR1N,0,0,0.0,0.0,1,0,1,0,1,0,1,0,0.0,0.0
2026-03-18,B0GPNG1M7Y,B0GPNTM2R5,0,0,0.0,0.0,2,0,0,2,2,0,0,2,0.0,0.0
2026-03-18,B08P31F45K,B0DTH5B27T,0,0,0.0,0.0,26,0,4,22,35,0,6,29,0.0,0.0
2026-03-18,B0GCCVX3QS,B0DY5QT64L,0,0,0.0,0.0,12,0,6,6,20,0,11,9,0.0,0.0
2026-03-18,B0DNMHZR1N,B074XT7CKW,2,0,29600.0,0.0,27,1,11,16,54,1,23,31,7.41,0.0
2026-03-18,B0GPVSJ68J,B0DRVB5VCW,1,0,13430.0,0.0,45,0,19,26,63,0,26,37,2.22,0.0
2026-03-18,B0DNMHZR1N,B074XS6GH5,0,0,0.0,0.0,16,0,5,11,27,0,5,22,0.0,0.0
2026-03-18,B0GCCVX3QS,B0GCHJD81G,0,0,0.0,0.0,6,1,5,1,10,1,9,1,0.0,0.0
2026-03-18,B08P31F45K,B0FY4MPKM8,0,0,0.0,0.0,19,0,5,14,24,0,5,19,0.0,0.0
2026-03-18,B0DNMHZR1N,B07516477J,1,0,15800.0,0.0,54,1,24,30,75,1,31,44,1.85,0.0
2026-03-18,B0D86LBDVB,B07DTCV4N4,0,0,0.0,0.0,35,0,16,19,56,0,20,36,0.0,0.0
2026-03-18,B0FJ1YK4K7,B0FJ1YK4K7,0,0,0.0,0.0,1,0,1,0,1,0,1,0,0.0,0.0
2026-03-18,B0BCQ2PP2J,B0DT8T75BV,0,0,0.0,0.0,31,0,6,25,42,0,10,32,0.0,0.0
2026-03-18,B0D86LBDVB,B081SZT58P,0,0,0.0,0.0,25,0,6,19,30,0,6,24,0.0,0.0
2026-03-18,B0D86LBDVB,B081SY9LGF,0,0,0.0,0.0,12,0,3,9,17,0,6,11,0.0,0.0
2026-03-18,B08P31F45K,B09GK7JVS6,0,0,0.0,0.0,6,0,3,3,7,0,3,4,0.0,0.0
2026-03-18,B0D86LBDVB,B07DT9FBPK,0,0,0.0,0.0,42,1,16,26,70,1,28,42,0.0,0.0
2026-03-18,B08P31F45K,B0DT9D66X1,0,0,0.0,0.0,18,0,4,14,24,0,5,19,0.0,0.0
2026-03-18,B0D86LBDVB,B01N9UXG9E,0,0,0.0,0.0,20,2,8,12,26,2,11,15,0.0,0.0
2026-03-18,B0GPVYJ9W5,B01I6DN7VQ,0,0,0.0,0.0,28,0,10,18,54,0,13,41,0.0,0.0
2026-03-18,B0DNMHZR1N,B0F7WHKGT4,0,0,0.0,0.0,10,0,6,4,12,0,7,5,0.0,0.0
2026-03-18,B0DSMDW3XP,B082YBFK7F,0,0,0.0,0.0,7,0,1,6,13,0,7,6,0.0,0.0
2026-03-18,B0DNMHZR1N,B07544J3M4,0,0,0.0,0.0,12,0,7,5,14,0,9,5,0.0,0.0
2026-03-18,B0GPVYJ9W5,B01719SX7E,0,0,0.0,0.0,6,1,4,2,8,1,5,3,0.0,0.0
2026-03-19,B0DNMHZR1N,B0F7WHKGT4,0,0,0.0,0.0,17,0,5,12,24,0,6,18,0.0,0.0
2026-03-19,B0DSMDW3XP,B082YBFK7F,0,0,0.0,0.0,7,0,3,4,14,0,10,4,0.0,0.0
2026-03-19,B0DNMHZR1N,B07544J3M4,0,0,0.0,0.0,12,0,7,5,14,0,9,5,0.0,0.0
2026-03-19,B0GPVYJ9W5,B01719SX7E,0,0,0.0,0.0,10,1,4,6,14,1,5,9,0.0,0.0
2026-03-19,B076BMTHVQ,B076BMTHVQ,0,0,0.0,0.0,1,0,0,1,1,0,0,1,0.0,0.0
2026-03-19,B0GCCVX3QS,B0GCHK5PF9,0,0,0.0,0.0,3,0,3,0,3,0,3,0,0.0,0.0
2026-03-19,B0GPVYJ9W5,B01E8HZPHI,0,0,0.0,0.0,10,0,4,6,14,0,7,7,0.0,0.0
2026-03-19,B0BCQ2PP2J,B0DT9DDBC1,0,0,0.0,0.0,18,0,1,17,27,0,2,25,0.0,0.0
2026-03-19,B0D86LBDVB,B08X1LFKXW,0,0,0.0,0.0,26,3,6,20,33,4,7,26,0.0,0.0
2026-03-19,B0GCCVX3QS,B0GCHYN4FQ,0,0,0.0,0.0,7,0,3,4,9,0,4,5,0.0,0.0
2026-03-19,B0GPVSJ68J,B077CVQPXD,0,0,0.0,0.0,22,0,6,16,23,0,6,17,0.0,0.0
2026-03-19,B0DP7NWDNZ,B0D8VPS7ZR,3,0,18846.0,0.0,162,0,50,112,249,0,73,176,1.85,0.0
2026-03-19,B0GCCVX3QS,B0GCJD3GQT,0,0,0.0,0.0,6,0,3,3,7,0,4,3,0.0,0.0
2026-03-19,B0F5Q56316,B0F1F42WVC,0,0,0.0,0.0,1,0,1,0,2,0,2,0,0.0,0.0
2026-03-19,B076BWMYZR,B076BWMYZR,0,0,0.0,0.0,1,0,0,1,1,0,0,1,0.0,0.0
2026-03-19,B0DNMHZR1N,B0F7WHCJQL,0,0,0.0,0.0,26,0,8,18,54,0,24,30,0.0,0.0
2026-03-19,B08P31F45K,B0DT9GW9YH,0,0,0.0,0.0,15,0,6,9,17,0,6,11,0.0,0.0
2026-03-19,B0GPW95Q9R,B08H76G429,0,0,0.0,0.0,39,1,7,32,52,1,7,45,0.0,0.0
2026-03-19,B0GPVYJ9W5,B01719SXCO,0,0,0.0,0.0,4,0,3,1,5,0,3,2,0.0,0.0
2026-03-19,B09KZZY78K,B09KZYXKYZ,0,0,0.0,0.0,33,0,7,26,45,0,12,33,0.0,0.0
2026-03-19,B09KZZY78K,B09KZWRV62,0,0,0.0,0.0,38,0,15,23,57,0,22,35,0.0,0.0
2026-03-19,B0BCQ2PP2J,B0FY4L7J5N,0,0,0.0,0.0,28,0,9,19,46,0,10,36,0.0,0.0
2026-03-19,B0BCQ2PP2J,B0FY4LLPH5,0,0,0.0,0.0,23,0,6,17,28,0,10,18,0.0,0.0
2026-03-19,B0DNMHZR1N,B07TWHQCTH,0,0,0.0,0.0,9,1,5,4,13,1,8,5,0.0,0.0
2026-03-19,B0GPVYJ9W5,B01NBDN4B1,0,0,0.0,0.0,11,0,7,4,12,0,7,5,0.0,0.0
2026-03-19,B0GCCVX3QS,B0GCK39NBW,0,0,0.0,0.0,5,0,3,2,6,0,3,3,0.0,0.0
2026-03-19,B0GPVYJ9W5,B076CMY7L1,1,0,8820.0,0.0,62,0,26,36,95,0,42,53,1.61,0.0
2026-03-19,B0GPVYJ9W5,B0DSV4FCYR,0,0,0.0,0.0,5,0,1,4,5,0,1,4,0.0,0.0
2026-03-19,B08P31F45K,B0FY4NVXGL,1,0,28800.0,0.0,15,0,4,11,24,0,4,20,6.67,0.0
2026-03-19,B0GPW95Q9R,B07XC61T6W,0,0,0.0,0.0,83,1,27,56,105,1,32,73,0.0,0.0
2026-03-19,B0DZWSM42N,B0F1XK58CT,0,0,0.0,0.0,1,0,1,0,1,0,1,0,0.0,0.0
2026-03-19,B0BCQ2PP2J,B0FY4MZZBK,2,0,57600.0,0.0,21,0,8,13,38,0,12,26,9.52,0.0
2026-03-19,B0F8VN4X7W,B0F8VQG4KB,0,0,0.0,0.0,2,0,0,2,4,0,0,4,0.0,0.0
2026-03-19,B0GPVYJ9W5,B072Q14K36,0,0,0.0,0.0,25,0,12,13,34,0,12,22,0.0,0.0
2026-03-19,B0FJ1YK4K7,B0FJ1XXYFP,0,0,0.0,0.0,18,0,5,13,30,0,5,25,0.0,0.0
2026-03-19,B0GPVYJ9W5,B0C589VTYB,0,0,0.0,0.0,9,0,6,3,11,0,8,3,0.0,0.0
2026-03-19,B0GPW7Q71K,B0D9NLNJR8,1,0,8820.0,0.0,148,1,70,78,221,1,103,118,0.68,0.0
2026-03-19,B0GPVYJ9W5,B01MQPBIKQ,0,0,0.0,0.0,5,0,3,2,6,0,3,3,0.0,0.0
2026-03-19,B0GCCVX3QS,B0DY5RX8BC,1,0,9014.0,0.0,26,1,15,11,42,1,21,21,3.85,0.0
2026-03-19,B0GPVYJ9W5,B01MQPBIOC,0,0,0.0,0.0,9,0,3,6,9,0,3,6,0.0,0.0
2026-03-19,B0GCCVX3QS,B0GCHJSQSR,0,0,0.0,0.0,6,1,4,2,6,1,4,2,0.0,0.0
2026-03-19,B0DNMHZR1N,B074XNN319,1,0,14800.0,0.0,35,0,15,20,44,0,20,24,2.86,0.0
2026-03-19,B0FJ1YK4K7,B0GJRLB89H,0,0,0.0,0.0,9,0,2,7,15,0,2,13,0.0,0.0
2026-03-19,B0GPVYJ9W5,B0C588B8W6,0,0,0.0,0.0,11,0,5,6,12,0,5,7,0.0,0.0
2026-03-19,B0D86LBDVB,B01NCZ4488,0,0,0.0,0.0,14,1,4,10,19,1,4,15,0.0,0.0
2026-03-19,B0DNMHZR1N,B0F7WMHMQT,1,0,14799.0,0.0,18,0,6,12,23,0,6,17,5.56,0.0
2026-03-19,B08P31F45K,B0CN3LTPXT,1,0,23256.0,0.0,24,0,9,15,28,0,12,16,4.17,0.0
2026-03-19,B0GPVYJ9W5,B076BZ2BSG,0,0,0.0,0.0,2,0,0,2,2,0,0,2,0.0,0.0
2026-03-19,B0DSMDW3XP,B08HPXFHV6,0,0,0.0,0.0,14,0,7,7,14,0,7,7,0.0,0.0
2026-03-19,B08P31F45K,B0F7X8N5JD,1,0,19494.0,0.0,38,0,13,25,58,0,24,34,2.63,0.0
2026-03-19,B08P31F45K,B0FY4NPM7G,2,0,51840.0,0.0,40,0,12,28,48,0,13,35,5.0,0.0
2026-03-19,B0D86LBDVB,B08X1KJ1V2,0,0,0.0,0.0,19,0,7,12,27,0,7,20,0.0,0.0
2026-03-19,B0GCCVX3QS,B0DY5RFC8B,0,0,0.0,0.0,18,0,5,13,21,0,6,15,0.0,0.0
2026-03-19,B0GPW7Q71K,B0D9NHHDT8,0,0,0.0,0.0,117,2,35,82,166,3,51,115,0.0,0.0
2026-03-19,B0DNMHZR1N,B0819R4XCV,0,0,0.0,0.0,13,0,5,8,16,0,7,9,0.0,0.0
2026-03-19,B0DSMDW3XP,B08H4N7CL4,0,0,0.0,0.0,5,0,4,1,5,0,4,1,0.0,0.0
2026-03-19,B0FJ1YK4K7,B0FJ1Y577L,0,0,0.0,0.0,6,0,4,2,8,0,6,2,0.0,0.0
2026-03-19,B08P31F45K,B0DT977KJV,0,0,0.0,0.0,35,0,8,27,46,0,9,37,0.0,0.0
2026-03-19,B0DP7NWDNZ,B0D8VR2CW4,3,0,18846.0,0.0,102,2,35,67,138,4,53,85,2.94,0.0
2026-03-19,B0GPVYJ9W5,B076BT6STS,0,0,0.0,0.0,5,0,4,1,6,0,4,2,0.0,0.0
2026-03-19,B0DSMDW3XP,B08H4XDFJ8,0,0,0.0,0.0,21,0,9,12,33,0,11,22,0.0,0.0
2026-03-19,B0D86LBDVB,B075811BWJ,0,0,0.0,0.0,15,1,5,10,22,1,6,16,0.0,0.0
2026-03-19,B0DSMDW3XP,B08HQFQX3F,0,0,0.0,0.0,12,0,5,7,15,0,6,9,0.0,0.0
2026-03-19,B0D86LBDVB,B07DTCSFDR,0,0,0.0,0.0,10,0,3,7,21,0,4,17,0.0,0.0
2026-03-19,B0DNMHZR1N,B074ZYP79P,0,0,0.0,0.0,16,0,3,13,21,0,5,16,0.0,0.0
2026-03-19,B0DNMHZR1N,B074XSG5MH,0,0,0.0,0.0,12,0,4,8,13,0,5,8,0.0,0.0
2026-03-19,B0DP7NWDNZ,B0D8VPZ3JF,0,0,0.0,0.0,123,1,33,90,205,1,57,148,0.0,0.0
2026-03-19,B0DNMHZR1N,B07TTD8PSH,0,0,0.0,0.0,21,0,10,11,24,0,12,12,0.0,0.0
2026-03-19,B0GPVYJ9W5,B08WRJCQC3,0,0,0.0,0.0,5,0,3,2,5,0,3,2,0.0,0.0
2026-03-19,B0GPW7Q71K,B0GCNCJXQQ,2,0,18720.0,0.0,135,0,54,81,206,0,70,136,1.48,0.0
2026-03-19,B09KZZY78K,B09KZYRM9H,0,0,0.0,0.0,19,0,6,13,28,0,9,19,0.0,0.0
2026-03-19,B0GPVYJ9W5,B076K7T5GD,0,0,0.0,0.0,12,1,8,4,12,1,8,4,0.0,0.0
2026-03-19,B0GCCVX3QS,B0GCJR1FHL,0,0,0.0,0.0,3,0,2,1,3,0,2,1,0.0,0.0
2026-03-19,B0GPW95Q9R,B07D2X6279,0,0,0.0,0.0,32,1,9,23,40,5,9,31,0.0,0.0
2026-03-19,B0BCQ2PP2J,B0CV4V1VQJ,0,0,0.0,0.0,23,0,5,18,31,0,9,22,0.0,0.0
2026-03-19,B0GPVYJ9W5,B01719SX74,0,0,0.0,0.0,16,0,5,11,27,0,6,21,0.0,0.0
2026-03-19,B0GPVYJ9W5,B07GWH311P,0,0,0.0,0.0,19,0,6,13,20,0,6,14,0.0,0.0
2026-03-19,B0GPVYJ9W5,B0GPVYJ9W5,0,0,0.0,0.0,1,0,1,0,1,0,1,0,0.0,0.0
2026-03-19,B0DSMDW3XP,B082YBP78K,0,0,0.0,0.0,27,0,11,16,41,0,19,22,0.0,0.0
2026-03-19,B08P31F45K,B0FY4QL7LS,1,0,25920.0,0.0,47,0,14,33,68,0,21,47,2.13,0.0
2026-03-19,B0GCCVX3QS,B0DY5QX8W6,0,0,0.0,0.0,42,1,13,29,56,2,15,41,0.0,0.0
2026-03-19,B0GCCVX3QS,B0GCHJ46P6,0,0,0.0,0.0,7,0,5,2,13,0,9,4,0.0,0.0
2026-03-19,B0GPVSJ68J,B0CV4ZBFRZ,0,0,0.0,0.0,30,0,10,20,41,0,14,27,0.0,0.0
2026-03-19,B0DSMDW3XP,B0842MPP9M,0,0,0.0,0.0,14,0,7,7,16,0,8,8,0.0,0.0
2026-03-19,B09KZZY78K,B09L11GCFB,0,0,0.0,0.0,25,0,7,18,41,0,12,29,0.0,0.0
2026-03-19,B0F8VN4X7W,B0F8VKMKBB,0,0,0.0,0.0,1,0,0,1,1,0,0,1,0.0,0.0
2026-03-19,B0DNMHZR1N,B07CYRH7PP,0,0,0.0,0.0,31,2,14,17,42,5,19,23,0.0,0.0
2026-03-19,B0GCCVX3QS,B0GCJCP1HG,0,0,0.0,0.0,5,0,2,3,5,0,2,3,0.0,0.0
2026-03-19,B08P31F45K,B0DT98HGNJ,1,0,25920.0,0.0,21,0,9,12,27,0,13,14,4.76,0.0
2026-03-19,B08P31F45K,B0F7XHMQDX,0,0,0.0,0.0,26,0,7,19,29,0,7,22,0.0,0.0
2026-03-19,B0D4TG2KBT,B0D4TKK7QC,1,0,9399.0,0.0,93,0,16,77,115,0,19,96,1.08,0.0
2026-03-19,B08P31F45K,B0CN3N86F5,0,0,0.0,0.0,26,0,6,20,31,0,7,24,0.0,0.0
2026-03-19,B0BCQ2PP2J,B0CV4SWT5X,2,0,51840.0,0.0,64,0,16,48,109,0,24,85,3.13,0.0
2026-03-19,B0D86LBDVB,B0D7VL3ZPY,0,0,0.0,0.0,123,4,37,86,189,4,51,138,0.0,0.0
2026-03-19,B0GPVYJ9W5,B076CPT1LM,0,0,0.0,0.0,31,0,14,17,40,0,19,21,0.0,0.0
2026-03-19,B0GPVYJ9W5,B01719SXC4,0,0,0.0,0.0,9,0,6,3,9,0,6,3,0.0,0.0
2026-03-19,B0BCQ2PP2J,B0CV4V86GN,0,0,0.0,0.0,46,0,12,34,57,0,16,41,0.0,0.0
2026-03-19,B0BCQ2PP2J,B0CT5GBJLR,0,0,0.0,0.0,15,0,4,11,18,0,5,13,0.0,0.0
2026-03-19,B0D86LBDVB,B08X1BFB7N,1,0,17800.0,0.0,34,1,9,25,60,1,12,48,2.94,0.0
2026-03-19,B0GPVYJ9W5,B01IP61FU4,0,0,0.0,0.0,7,0,4,3,7,0,4,3,0.0,0.0
2026-03-19,B0D86LBDVB,B01D1BSOPM,0,0,0.0,0.0,14,0,2,12,14,0,2,12,0.0,0.0
2026-03-19,B0GPVSJ68J,B0CV4X1LYZ,0,0,0.0,0.0,78,2,18,60,134,2,37,97,0.0,0.0
2026-03-19,B0DP7NWDNZ,B0DT9GFBPQ,1,0,6282.0,0.0,137,0,45,92,198,0,59,139,0.73,0.0
2026-03-19,B0BCQ2PP2J,B0CT32RDC4,0,0,0.0,0.0,17,0,3,14,21,0,7,14,0.0,0.0
2026-03-19,B08P31F45K,B0CN3JHX9V,0,0,0.0,0.0,55,0,23,32,83,0,28,55,0.0,0.0
2026-03-19,B0F5Q56316,B0F1F2HY7Q,0,0,0.0,0.0,3,0,1,2,4,0,1,3,0.0,0.0
2026-03-19,B0GPVYJ9W5,B01N6A3UWA,0,0,0.0,0.0,3,0,3,0,3,0,3,0,0.0,0.0
2026-03-19,B0GPVYJ9W5,B076KN3YWK,0,0,0.0,0.0,33,0,17,16,43,0,21,22,0.0,0.0
2026-03-19,B0F5Q56316,B0F1DY5Z6S,0,0,0.0,0.0,12,0,5,7,14,0,6,8,0.0,0.0
2026-03-19,B0BCQ2PP2J,B09GJGRVVV,1,0,18599.0,0.0,20,0,2,18,34,0,4,30,5.0,0.0
2026-03-19,B0D86LBDVB,B08X183LPL,0,0,0.0,0.0,85,0,35,50,117,0,53,64,0.0,0.0
2026-03-19,B0F8NK36FX,B0F8NGCB5N,0,0,0.0,0.0,2,0,1,1,2,0,1,1,0.0,0.0
2026-03-19,B0BCQ2PP2J,B0DR8DKPLC,0,0,0.0,0.0,23,0,3,20,26,0,3,23,0.0,0.0
2026-03-19,B0D4TG2KBT,B0D4TJL2X5,0,0,0.0,0.0,81,1,14,67,103,1,16,87,0.0,0.0
2026-03-19,B0DNMHZR1N,B07519MK8F,0,0,0.0,0.0,42,1,15,27,51,1,17,34,0.0,0.0
2026-03-19,B0DNMHZR1N,B07TXLGQRR,1,0,15800.0,0.0,33,0,14,19,38,0,14,24,3.03,0.0
2026-03-19,B0DNMHZR1N,B07543CN2T,1,0,15499.0,0.0,14,0,9,5,23,0,15,8,7.14,0.0
2026-03-19,B0GPVYJ9W5,B01NACFFOZ,0,0,0.0,0.0,7,0,2,5,7,0,2,5,0.0,0.0
2026-03-19,B0GPW95Q9R,B0FC5HF9L9,2,0,19800.0,0.0,168,1,59,109,306,1,106,200,1.19,0.0
2026-03-19,B0GPVYJ9W5,B0DSP63HS2,0,0,0.0,0.0,10,2,5,5,17,8,11,6,0.0,0.0
2026-03-19,B0BCQ2PP2J,B08P2X5DB9,0,0,0.0,0.0,18,0,8,10,24,0,9,15,0.0,0.0
2026-03-19,B0D86LBDVB,B01N3B009P,0,0,0.0,0.0,66,3,23,43,82,6,28,54,0.0,0.0
2026-03-19,B0DNMHZR1N,B0F7WSRC91,0,0,0.0,0.0,58,0,12,46,73,0,16,57,0.0,0.0
2026-03-19,B0GCCVX3QS,B0GCJC7FWJ,0,0,0.0,0.0,9,0,4,5,19,0,4,15,0.0,0.0
2026-03-19,B0D86LBDVB,B0D7VGPZ1J,2,0,32800.0,0.0,91,3,36,55,136,6,53,83,2.2,0.0
2026-03-19,B0GPVYJ9W5,B01IP61FXQ,0,0,0.0,0.0,1,0,1,0,1,0,1,0,0.0,0.0
2026-03-19,B0GPVYJ9W5,B01719SX8I,0,0,0.0,0.0,10,0,5,5,17,0,6,11,0.0,0.0
2026-03-19,B0D86LBDVB,B01N6TYYZO,0,0,0.0,0.0,46,1,17,29,64,2,23,41,0.0,0.0
2026-03-19,B0D4TG2KBT,B0D4TMSNH1,0,0,0.0,0.0,44,0,18,26,59,0,22,37,0.0,0.0
2026-03-19,B0BCQ2PP2J,B0DT9FQD5S,0,0,0.0,0.0,18,0,7,11,18,0,7,11,0.0,0.0
2026-03-19,B0GPW95Q9R,B09N1V9PGF,0,0,0.0,0.0,43,1,16,27,62,7,16,46,0.0,0.0
2026-03-19,B0GPVYJ9W5,B01719SX9C,0,0,0.0,0.0,26,0,10,16,43,0,17,26,0.0,0.0
2026-03-19,B0GCCVX3QS,B0GCJKRLZC,0,0,0.0,0.0,7,0,3,4,13,0,9,4,0.0,0.0
2026-03-19,B0FJ1YK4K7,B0FJ1ZH91Y,0,0,0.0,0.0,33,0,10,23,47,0,14,33,0.0,0.0
2026-03-19,B0GCCVX3QS,B0DY5RSTYM,0,0,0.0,0.0,18,2,7,11,22,2,7,15,0.0,0.0
2026-03-19,B0GPVYJ9W5,B0DSP46SJ5,0,0,0.0,0.0,1,0,0,1,1,0,0,1,0.0,0.0
2026-03-19,B0DSMDW3XP,B0842N5V5C,0,0,0.0,0.0,2,0,1,1,3,0,2,1,0.0,0.0
2026-03-19,B08P31F45K,B09GK19G1N,1,0,8328.0,0.0,29,0,8,21,42,0,11,31,3.45,0.0
2026-03-19,B0GPVYJ9W5,B01IP61FXG,0,0,0.0,0.0,2,0,1,1,2,0,1,1,0.0,0.0
2026-03-19,B0GPW7Q71K,B0GCML7KNV,0,0,0.0,0.0,102,1,48,54,152,4,66,86,0.0,0.0
2026-03-19,B0GPVYJ9W5,B08WRHRS1D,0,0,0.0,0.0,14,0,5,9,14,0,5,9,0.0,0.0
2026-03-19,B0GPVYJ9W5,B01719SX5Q,0,0,0.0,0.0,31,1,15,16,45,1,26,19,0.0,0.0
2026-03-19,B0GPVYJ9W5,B076KMR1FK,1,0,9720.0,0.0,15,0,5,10,16,0,5,11,6.67,0.0
2026-03-19,B0DSMDW3XP,B0842MNWGN,0,0,0.0,0.0,15,0,7,8,16,0,7,9,0.0,0.0
2026-03-19,B0DNMHZR1N,B0DNMHZR1N,0,0,0.0,0.0,1,0,1,0,1,0,1,0,0.0,0.0
2026-03-19,B08P31F45K,B0DTH5B27T,1,0,23256.0,0.0,36,0,9,27,53,0,13,40,2.78,0.0
2026-03-19,B0GCCVX3QS,B0DY5QT64L,0,0,0.0,0.0,5,0,3,2,7,0,4,3,0.0,0.0
2026-03-19,B0DNMHZR1N,B074XT7CKW,2,0,29600.0,0.0,27,0,9,18,51,0,21,30,7.41,0.0
2026-03-19,B0GPVSJ68J,B0DRVB5VCW,1,0,13430.0,0.0,57,0,19,38,90,0,25,65,1.75,0.0
2026-03-19,B0DNMHZR1N,B074XS6GH5,0,0,0.0,0.0,16,0,3,13,25,0,3,22,0.0,0.0
2026-03-19,B0GCCVX3QS,B0GCHJD81G,0,0,0.0,0.0,3,0,2,1,6,0,5,1,0.0,0.0
2026-03-19,B08P31F45K,B0FY4MPKM8,1,0,25920.0,0.0,25,0,10,15,43,0,15,28,4.0,0.0
2026-03-19,B0DNMHZR1N,B07516477J,1,0,12800.0,0.0,67,0,27,40,132,0,35,97,1.49,0.0
2026-03-19,B0D86LBDVB,B07DTCV4N4,0,0,0.0,0.0,34,0,15,19,54,0,19,35,0.0,0.0
2026-03-19,B0GCCVX3QS,B0GCHYSHQN,0,0,0.0,0.0,2,0,1,1,2,0,1,1,0.0,0.0
2026-03-19,B0FJ1YK4K7,B0FJ1YK4K7,0,0,0.0,0.0,1,0,1,0,1,0,1,0,0.0,0.0
2026-03-19,B0BCQ2PP2J,B0DT8T75BV,0,0,0.0,0.0,34,0,8,26,42,0,9,33,0.0,0.0
2026-03-19,B0D86LBDVB,B081SZT58P,0,0,0.0,0.0,22,0,6,16,30,0,8,22,0.0,0.0
2026-03-19,B0D86LBDVB,B081SY9LGF,0,0,0.0,0.0,17,0,5,12,24,0,8,16,0.0,0.0
2026-03-19,B08P31F45K,B09GK7JVS6,0,0,0.0,0.0,9,0,2,7,10,0,2,8,0.0,0.0
2026-03-19,B0D86LBDVB,B07DT9FBPK,1,0,16400.0,0.0,36,2,12,24,48,2,21,27,2.78,0.0
2026-03-19,B08P31F45K,B0DT9D66X1,0,0,0.0,0.0,32,1,8,24,35,2,9,26,0.0,0.0
2026-03-19,B0D86LBDVB,B01N9UXG9E,0,0,0.0,0.0,20,2,7,13,27,2,8,19,0.0,0.0
2026-03-19,B0GPVYJ9W5,B01I6DN7VQ,0,0,0.0,0.0,47,0,14,33,79,0,16,63,0.0,0.0
2026-03-19,B0D86LBDVB,B08X1L3Z1D,0,0,0.0,0.0,0,0,0,0,0,0,0,0,0.0,0.0
2026-03-20,B076BMTHVQ,B076BMTHVQ,0,0,0.0,0.0,2,0,0,2,4,0,0,4,0.0,0.0
2026-03-20,B076BWMYZR,B076BWMYZR,0,0,0.0,0.0,3,0,0,3,3,0,0,3,0.0,0.0
2026-03-20,B08P31F45K,B09GK19G1N,0,0,0.0,0.0,34,0,9,25,45,0,9,36,0.0,0.0
2026-03-20,B08P31F45K,B09GK7JVS6,0,0,0.0,0.0,9,0,1,8,9,0,1,8,0.0,0.0
2026-03-20,B08P31F45K,B0CN3JHX9V,0,0,0.0,0.0,75,0,30,45,106,0,40,66,0.0,0.0
2026-03-20,B08P31F45K,B0CN3LTPXT,0,0,0.0,0.0,30,0,8,22,34,0,10,24,0.0,0.0
2026-03-20,B08P31F45K,B0CN3N86F5,0,0,0.0,0.0,34,0,9,25,39,0,12,27,0.0,0.0
2026-03-20,B08P31F45K,B0DT977KJV,0,0,0.0,0.0,47,0,11,36,59,0,12,47,0.0,0.0
2026-03-20,B08P31F45K,B0DT98HGNJ,0,0,0.0,0.0,27,0,11,16,37,0,18,19,0.0,0.0
2026-03-20,B08P31F45K,B0DT9D66X1,0,0,0.0,0.0,32,1,8,24,39,2,9,30,0.0,0.0
2026-03-20,B08P31F45K,B0DT9GW9YH,0,0,0.0,0.0,21,0,9,12,26,0,9,17,0.0,0.0
2026-03-20,B08P31F45K,B0DTH5B27T,1,0,23256.0,0.0,39,0,14,25,61,0,17,44,2.56,0.0
2026-03-20,B08P31F45K,B0F7X8N5JD,0,0,0.0,0.0,39,0,14,25,57,0,25,32,0.0,0.0
2026-03-20,B08P31F45K,B0F7XHMQDX,0,0,0.0,0.0,33,0,10,23,38,0,11,27,0.0,0.0
2026-03-20,B08P31F45K,B0FY4MPKM8,1,0,25920.0,0.0,45,0,18,27,78,0,29,49,2.22,0.0
2026-03-20,B08P31F45K,B0FY4NPM7G,0,0,0.0,0.0,60,0,18,42,72,0,24,48,0.0,0.0
2026-03-20,B08P31F45K,B0FY4NVXGL,1,0,28800.0,0.0,14,0,3,11,23,0,3,20,7.14,0.0
2026-03-20,B08P31F45K,B0FY4QL7LS,0,0,0.0,0.0,56,0,13,43,71,0,18,53,0.0,0.0
2026-03-20,B09KZZY78K,B09KZWRV62,0,0,0.0,0.0,39,0,12,27,56,0,18,38,0.0,0.0
2026-03-20,B09KZZY78K,B09KZYRM9H,3,0,32037.0,0.0,27,0,6,21,64,0,9,55,11.11,0.0
2026-03-20,B09KZZY78K,B09KZYXKYZ,0,0,0.0,0.0,33,0,13,20,46,0,20,26,0.0,0.0
2026-03-20,B09KZZY78K,B09L11GCFB,0,0,0.0,0.0,18,0,9,9,28,0,17,11,0.0,0.0
2026-03-20,B0BCQ2PP2J,B08P2X5DB9,1,0,18599.0,0.0,25,0,7,18,32,0,9,23,4.0,0.0
2026-03-20,B0BCQ2PP2J,B09GJGRVVV,0,0,0.0,0.0,21,0,3,18,27,0,5,22,0.0,0.0
2026-03-20,B0BCQ2PP2J,B0CT32RDC4,0,0,0.0,0.0,24,0,3,21,26,0,5,21,0.0,0.0
2026-03-20,B0BCQ2PP2J,B0CT5GBJLR,0,0,0.0,0.0,18,0,5,13,20,0,7,13,0.0,0.0
2026-03-20,B0BCQ2PP2J,B0CV4SWT5X,4,0,103680.0,0.0,63,0,11,52,116,0,19,97,6.35,0.0
2026-03-20,B0BCQ2PP2J,B0CV4V1VQJ,0,0,0.0,0.0,25,0,8,17,31,0,9,22,0.0,0.0
2026-03-20,B0BCQ2PP2J,B0CV4V86GN,1,0,25920.0,0.0,46,0,13,33,65,0,17,48,2.17,0.0
2026-03-20,B0BCQ2PP2J,B0DR8DKPLC,0,0,0.0,0.0,23,0,4,19,27,0,4,23,0.0,0.0
2026-03-20,B0BCQ2PP2J,B0DT8T75BV,0,0,0.0,0.0,35,0,11,24,44,0,11,33,0.0,0.0
2026-03-20,B0BCQ2PP2J,B0DT9DDBC1,0,0,0.0,0.0,15,0,1,14,18,0,1,17,0.0,0.0
2026-03-20,B0BCQ2PP2J,B0DT9FQD5S,0,0,0.0,0.0,22,0,6,16,24,0,8,16,0.0,0.0
2026-03-20,B0BCQ2PP2J,B0FY4L7J5N,0,0,0.0,0.0,32,0,14,18,44,0,19,25,0.0,0.0
2026-03-20,B0BCQ2PP2J,B0FY4LLPH5,1,0,25920.0,0.0,25,0,7,18,35,0,12,23,4.0,0.0
2026-03-20,B0BCQ2PP2J,B0FY4MZZBK,0,0,0.0,0.0,20,0,8,12,28,0,13,15,0.0,0.0
2026-03-20,B0D4TG2KBT,B0D4TJL2X5,0,0,0.0,0.0,155,1,21,134,189,1,23,166,0.0,0.0
2026-03-20,B0D4TG2KBT,B0D4TKK7QC,0,0,0.0,0.0,168,0,22,146,200,0,29,171,0.0,0.0
2026-03-20,B0D4TG2KBT,B0D4TMSNH1,0,0,0.0,0.0,40,0,14,26,52,0,17,35,0.0,0.0
2026-03-20,B0D86LBDVB,B01D1BSOPM,0,0,0.0,0.0,32,0,4,28,37,0,6,31,0.0,0.0
2026-03-20,B0D86LBDVB,B01N3B009P,0,0,0.0,0.0,110,2,36,74,146,5,51,95,0.0,0.0
2026-03-20,B0D86LBDVB,B01N6TYYZO,0,0,0.0,0.0,70,1,25,45,94,2,30,64,0.0,0.0
2026-03-20,B0D86LBDVB,B01N9UXG9E,0,0,0.0,0.0,38,1,9,29,55,1,9,46,0.0,0.0
2026-03-20,B0D86LBDVB,B01NCZ4488,0,0,0.0,0.0,30,0,6,24,57,0,13,44,0.0,0.0
2026-03-20,B0D86LBDVB,B075811BWJ,0,0,0.0,0.0,35,0,11,24,52,0,13,39,0.0,0.0
2026-03-20,B0D86LBDVB,B07DT9FBPK,1,0,16400.0,0.0,68,2,18,50,91,2,27,64,1.47,0.0
2026-03-20,B0D86LBDVB,B07DTCSFDR,0,0,0.0,0.0,27,0,3,24,53,0,4,49,0.0,0.0
2026-03-20,B0D86LBDVB,B07DTCV4N4,0,0,0.0,0.0,57,0,25,32,106,0,37,69,0.0,0.0
2026-03-20,B0D86LBDVB,B081SY9LGF,0,0,0.0,0.0,18,0,5,13,20,0,5,15,0.0,0.0
2026-03-20,B0D86LBDVB,B081SZT58P,0,0,0.0,0.0,28,0,5,23,35,0,7,28,0.0,0.0
2026-03-20,B0D86LBDVB,B08X183LPL,1,0,13242.0,0.0,123,0,35,88,176,0,53,123,0.81,0.0
2026-03-20,B0D86LBDVB,B08X1BFB7N,0,0,0.0,0.0,47,0,17,30,77,0,23,54,0.0,0.0
2026-03-20,B0D86LBDVB,B08X1KJ1V2,0,0,0.0,0.0,37,0,7,30,54,0,9,45,0.0,0.0
2026-03-20,B0D86LBDVB,B08X1L3Z1D,0,0,0.0,0.0,0,0,0,0,0,0,0,0,0.0,0.0
2026-03-20,B0D86LBDVB,B08X1LFKXW,0,0,0.0,0.0,49,2,13,36,61,2,15,46,0.0,0.0
2026-03-20,B0D86LBDVB,B0D7VGPZ1J,2,0,30340.0,0.0,132,3,42,90,203,6,54,149,1.52,0.0
2026-03-20,B0D86LBDVB,B0D7VL3ZPY,1,0,13940.0,0.0,173,3,47,126,259,3,55,204,0.58,0.0
2026-03-20,B0D86LBDVB,B0D86LBDVB,0,0,0.0,0.0,2,0,2,0,16,0,16,0,0.0,0.0
2026-03-20,B0DNMHZR1N,B074XNN319,0,0,0.0,0.0,33,0,14,19,38,0,15,23,0.0,0.0
2026-03-20,B0DNMHZR1N,B074XS6GH5,0,0,0.0,0.0,26,1,7,19,36,1,8,28,0.0,0.0
2026-03-20,B0DNMHZR1N,B074XSG5MH,1,0,15129.0,0.0,18,0,5,13,28,0,8,20,5.56,0.0
2026-03-20,B0DNMHZR1N,B074XT7CKW,0,0,0.0,0.0,32,0,10,22,37,0,13,24,0.0,0.0
2026-03-20,B0DNMHZR1N,B074ZYP79P,0,0,0.0,0.0,34,1,6,28,43,1,7,36,0.0,0.0
2026-03-20,B0DNMHZR1N,B07516477J,2,0,25600.0,0.0,83,3,31,52,146,4,38,108,2.41,0.0
2026-03-20,B0DNMHZR1N,B07519MK8F,0,0,0.0,0.0,62,1,18,44,85,1,25,60,0.0,0.0
2026-03-20,B0DNMHZR1N,B07543CN2T,0,0,0.0,0.0,17,2,5,12,23,2,5,18,0.0,0.0
2026-03-20,B0DNMHZR1N,B07544J3M4,0,0,0.0,0.0,7,1,3,4,14,1,10,4,0.0,0.0
2026-03-20,B0DNMHZR1N,B07CYRH7PP,0,0,0.0,0.0,35,0,9,26,43,0,11,32,0.0,0.0
2026-03-20,B0DNMHZR1N,B07TTD8PSH,0,0,0.0,0.0,41,0,12,29,53,0,15,38,0.0,0.0
2026-03-20,B0DNMHZR1N,B07TWHQCTH,0,0,0.0,0.0,12,0,2,10,12,0,2,10,0.0,0.0
2026-03-20,B0DNMHZR1N,B07TXLGQRR,1,0,15800.0,0.0,49,3,22,27,58,3,26,32,2.04,0.0
2026-03-20,B0DNMHZR1N,B0819R4XCV,0,0,0.0,0.0,20,0,5,15,21,0,5,16,0.0,0.0
2026-03-20,B0DNMHZR1N,B0DNMHZR1N,0,0,0.0,0.0,2,0,2,0,8,0,8,0,0.0,0.0
2026-03-20,B0DNMHZR1N,B0F7WHCJQL,0,0,0.0,0.0,52,0,14,38,81,0,18,63,0.0,0.0
2026-03-20,B0DNMHZR1N,B0F7WHKGT4,0,0,0.0,0.0,25,1,9,16,32,1,9,23,0.0,0.0
2026-03-20,B0DNMHZR1N,B0F7WMHMQT,1,0,14799.0,0.0,23,1,6,17,29,1,7,22,4.35,0.0
2026-03-20,B0DNMHZR1N,B0F7WSRC91,0,0,0.0,0.0,79,3,18,61,99,3,21,78,0.0,0.0
2026-03-20,B0DP7NWDNZ,B0D8VPS7ZR,2,0,12564.0,0.0,223,1,60,163,359,1,81,278,0.9,0.0
2026-03-20,B0DP7NWDNZ,B0D8VPZ3JF,2,0,12564.0,0.0,199,1,49,150,314,1,77,237,1.01,0.0
2026-03-20,B0DP7NWDNZ,B0D8VR2CW4,2,0,12564.0,0.0,132,1,41,91,193,2,66,127,1.52,0.0
2026-03-20,B0DP7NWDNZ,B0DP7NWDNZ,0,0,0.0,0.0,3,0,3,0,22,0,22,0,0.0,0.0
2026-03-20,B0DP7NWDNZ,B0DT9GFBPQ,2,0,12564.0,0.0,171,0,56,115,232,0,81,151,1.17,0.0
2026-03-20,B0DSMDW3XP,B082YBFK7F,0,0,0.0,0.0,7,0,3,4,9,0,4,5,0.0,0.0
2026-03-20,B0DSMDW3XP,B082YBP78K,0,0,0.0,0.0,25,0,11,14,30,0,12,18,0.0,0.0
2026-03-20,B0DSMDW3XP,B0842MNWGN,0,0,0.0,0.0,14,0,6,8,16,0,7,9,0.0,0.0
2026-03-20,B0DSMDW3XP,B0842MPP9M,0,0,0.0,0.0,12,0,4,8,12,0,4,8,0.0,0.0
2026-03-20,B0DSMDW3XP,B0842N5V5C,0,0,0.0,0.0,4,0,2,2,4,0,2,2,0.0,0.0
2026-03-20,B0DSMDW3XP,B08H4N7CL4,0,0,0.0,0.0,2,0,2,0,2,0,2,0,0.0,0.0
2026-03-20,B0DSMDW3XP,B08H4XDFJ8,0,0,0.0,0.0,21,0,6,15,26,0,7,19,0.0,0.0
2026-03-20,B0DSMDW3XP,B08HPXFHV6,0,0,0.0,0.0,13,0,6,7,14,0,7,7,0.0,0.0
2026-03-20,B0DSMDW3XP,B08HQFQX3F,0,0,0.0,0.0,15,0,5,10,20,0,6,14,0.0,0.0
2026-03-20,B0DSMDW3XP,B0DSMDW3XP,0,0,0.0,0.0,2,0,2,0,4,0,4,0,0.0,0.0
2026-03-20,B0DZWSM42N,B0F1WWSZF5,0,0,0.0,0.0,1,0,0,1,1,0,0,1,0.0,0.0
2026-03-20,B0DZWSM42N,B0F1WZ1JZM,0,0,0.0,0.0,1,0,0,1,1,0,0,1,0.0,0.0
2026-03-20,B0DZWSM42N,B0F1X2VWGG,0,0,0.0,0.0,1,0,0,1,2,0,0,2,0.0,0.0
2026-03-20,B0DZWSM42N,B0F1X84F8M,0,0,0.0,0.0,1,0,0,1,1,0,0,1,0.0,0.0
2026-03-20,B0DZWSM42N,B0F1X9BP8J,0,0,0.0,0.0,1,0,0,1,1,0,0,1,0.0,0.0
2026-03-20,B0DZWSM42N,B0F1XDQ38C,0,0,0.0,0.0,1,0,0,1,1,0,0,1,0.0,0.0
2026-03-20,B0DZWSM42N,B0F1XK4FJZ,0,0,0.0,0.0,1,0,0,1,1,0,0,1,0.0,0.0
2026-03-20,B0DZWSM42N,B0F1XK58CT,0,0,0.0,0.0,2,0,1,1,2,0,1,1,0.0,0.0
2026-03-20,B0F5Q56316,B0F1DY5Z6S,2,0,2560.0,0.0,17,0,6,11,21,0,8,13,11.76,0.0
2026-03-20,B0F5Q56316,B0F1F2HY7Q,1,0,1280.0,0.0,7,0,4,3,14,0,8,6,14.29,0.0
2026-03-20,B0F5Q56316,B0F1F42WVC,0,0,0.0,0.0,1,0,1,0,2,0,2,0,0.0,0.0
2026-03-20,B0F5Q56316,B0F1F5G86R,0,0,0.0,0.0,1,0,0,1,1,0,0,1,0.0,0.0
2026-03-20,B0F8N7DWVV,B0F74VW882,0,0,0.0,0.0,2,0,1,1,2,0,1,1,0.0,0.0
2026-03-20,B0F8N7DWVV,B0F8NCYVYR,0,0,0.0,0.0,1,0,0,1,1,0,0,1,0.0,0.0
2026-03-20,B0F8NK36FX,B0F8NGCB5N,0,0,0.0,0.0,1,0,1,0,1,0,1,0,0.0,0.0
2026-03-20,B0F8VN4X7W,B0F8VKMKBB,0,0,0.0,0.0,1,0,0,1,1,0,0,1,0.0,0.0
2026-03-20,B0F8VN4X7W,B0F8VQG4KB,0,0,0.0,0.0,3,0,1,2,4,0,1,3,0.0,0.0
2026-03-20,B0FJ1YK4K7,B0FJ1XXYFP,0,0,0.0,0.0,11,0,3,8,16,0,3,13,0.0,0.0
2026-03-20,B0FJ1YK4K7,B0FJ1Y577L,0,0,0.0,0.0,10,0,4,6,10,0,4,6,0.0,0.0
2026-03-20,B0FJ1YK4K7,B0FJ1YK4K7,0,0,0.0,0.0,1,0,1,0,1,0,1,0,0.0,0.0
2026-03-20,B0FJ1YK4K7,B0FJ1ZH91Y,1,0,3800.0,0.0,46,0,16,30,62,0,20,42,2.17,0.0
2026-03-20,B0FJ1YK4K7,B0GJRLB89H,0,0,0.0,0.0,14,0,1,13,17,0,1,16,0.0,0.0
2026-03-20,B0GCCVX3QS,B0DY5QT64L,0,0,0.0,0.0,13,0,5,8,15,0,7,8,0.0,0.0
2026-03-20,B0GCCVX3QS,B0DY5QX8W6,0,0,0.0,0.0,33,0,13,20,46,0,16,30,0.0,0.0
2026-03-20,B0GCCVX3QS,B0DY5RFC8B,0,0,0.0,0.0,18,0,7,11,22,0,10,12,0.0,0.0
2026-03-20,B0GCCVX3QS,B0DY5RSTYM,0,0,0.0,0.0,16,2,6,10,22,2,6,16,0.0,0.0
2026-03-20,B0GCCVX3QS,B0DY5RX8BC,1,0,9014.0,0.0,40,1,21,19,58,1,29,29,2.5,0.0
2026-03-20,B0GCCVX3QS,B0GCCVX3QS,0,0,0.0,0.0,1,0,1,0,3,0,3,0,0.0,0.0
2026-03-20,B0GCCVX3QS,B0GCHJ46P6,0,0,0.0,0.0,10,0,7,3,17,0,12,5,0.0,0.0
2026-03-20,B0GCCVX3QS,B0GCHJD81G,0,0,0.0,0.0,3,0,0,3,3,0,0,3,0.0,0.0
2026-03-20,B0GCCVX3QS,B0GCHJSQSR,0,0,0.0,0.0,6,0,4,2,6,0,4,2,0.0,0.0
2026-03-20,B0GCCVX3QS,B0GCHK5PF9,0,0,0.0,0.0,2,0,1,1,2,0,1,1,0.0,0.0
2026-03-20,B0GCCVX3QS,B0GCHYN4FQ,0,0,0.0,0.0,6,0,2,4,7,0,2,5,0.0,0.0
2026-03-20,B0GCCVX3QS,B0GCHYSHQN,0,0,0.0,0.0,3,0,1,2,3,0,1,2,0.0,0.0
2026-03-20,B0GCCVX3QS,B0GCJC7FWJ,0,0,0.0,0.0,8,0,4,4,18,0,4,14,0.0,0.0
2026-03-20,B0GCCVX3QS,B0GCJCP1HG,0,0,0.0,0.0,6,0,3,3,7,0,4,3,0.0,0.0
2026-03-20,B0GCCVX3QS,B0GCJD3GQT,0,0,0.0,0.0,4,0,2,2,8,0,6,2,0.0,0.0
2026-03-20,B0GCCVX3QS,B0GCJKRLZC,0,0,0.0,0.0,5,0,2,3,5,0,2,3,0.0,0.0
2026-03-20,B0GCCVX3QS,B0GCJR1FHL,0,0,0.0,0.0,4,0,1,3,4,0,1,3,0.0,0.0
2026-03-20,B0GCCVX3QS,B0GCK39NBW,0,0,0.0,0.0,8,0,5,3,8,0,5,3,0.0,0.0
2026-03-20,B0GPNG1M7Y,B0GPNTM2R5,0,0,0.0,0.0,1,0,0,1,3,0,0,3,0.0,0.0
2026-03-20,B0GPVSJ68J,B077CVQPXD,0,0,0.0,0.0,21,0,4,17,26,0,4,22,0.0,0.0
2026-03-20,B0GPVSJ68J,B0CV4X1LYZ,0,0,0.0,0.0,70,2,16,54,114,2,25,89,0.0,0.0
2026-03-20,B0GPVSJ68J,B0CV4ZBFRZ,0,0,0.0,0.0,46,0,9,37,55,0,13,42,0.0,0.0
2026-03-20,B0GPVSJ68J,B0DRVB5VCW,0,0,0.0,0.0,64,0,15,49,100,0,18,82,0.0,0.0
2026-03-20,B0GPVSJ68J,B0GPVSJ68J,0,0,0.0,0.0,1,0,1,0,2,0,2,0,0.0,0.0
2026-03-20,B0GPVYJ9W5,B01719SX5Q,0,0,0.0,0.0,35,1,14,21,52,1,21,31,0.0,0.0
2026-03-20,B0GPVYJ9W5,B01719SX74,0,0,0.0,0.0,11,0,4,7,14,0,4,10,0.0,0.0
2026-03-20,B0GPVYJ9W5,B01719SX7E,0,0,0.0,0.0,9,0,0,9,11,0,0,11,0.0,0.0
2026-03-20,B0GPVYJ9W5,B01719SX8I,0,0,0.0,0.0,6,0,1,5,8,0,1,7,0.0,0.0
2026-03-20,B0GPVYJ9W5,B01719SX9C,0,0,0.0,0.0,29,0,11,18,47,0,16,31,0.0,0.0
2026-03-20,B0GPVYJ9W5,B01719SXC4,0,0,0.0,0.0,10,0,5,5,11,0,6,5,0.0,0.0
2026-03-20,B0GPVYJ9W5,B01E8HZPHI,1,0,8800.0,0.0,9,0,4,5,13,0,7,6,11.11,0.0
2026-03-20,B0GPVYJ9W5,B01I6DN7VQ,0,0,0.0,0.0,61,0,15,46,81,0,17,64,0.0,0.0
2026-03-20,B0GPVYJ9W5,B01IP61FU4,1,0,8800.0,0.0,11,0,5,6,18,0,8,10,9.09,0.0
2026-03-20,B0GPVYJ9W5,B01IP61FXG,0,0,0.0,0.0,2,0,2,0,2,0,2,0,0.0,0.0
2026-03-20,B0GPVYJ9W5,B01IP61FXQ,0,0,0.0,0.0,1,0,0,1,1,0,0,1,0.0,0.0
2026-03-20,B0GPVYJ9W5,B01MQPBIKQ,0,0,0.0,0.0,5,0,1,4,6,0,1,5,0.0,0.0
2026-03-20,B0GPVYJ9W5,B01MQPBIOC,0,0,0.0,0.0,4,0,0,4,4,0,0,4,0.0,0.0
2026-03-20,B0GPVYJ9W5,B01N6A3UWA,0,0,0.0,0.0,2,0,2,0,2,0,2,0,0.0,0.0
2026-03-20,B0GPVYJ9W5,B01NACFFOZ,0,0,0.0,0.0,8,0,2,6,9,0,3,6,0.0,0.0
2026-03-20,B0GPVYJ9W5,B01NBDN4B1,0,0,0.0,0.0,10,0,5,5,12,0,5,7,0.0,0.0
2026-03-20,B0GPVYJ9W5,B072Q14K36,0,0,0.0,0.0,25,0,11,14,41,0,14,27,0.0,0.0
2026-03-20,B0GPVYJ9W5,B076BT6STS,0,0,0.0,0.0,8,0,5,3,9,0,5,4,0.0,0.0
2026-03-20,B0GPVYJ9W5,B076BZ2BSG,0,0,0.0,0.0,4,0,1,3,4,0,1,3,0.0,0.0
2026-03-20,B0GPVYJ9W5,B076CMY7L1,0,0,0.0,0.0,49,0,24,25,83,0,32,51,0.0,0.0
2026-03-20,B0GPVYJ9W5,B076CPT1LM,0,0,0.0,0.0,29,0,14,15,38,0,16,22,0.0,0.0
2026-03-20,B0GPVYJ9W5,B076K7T5GD,0,0,0.0,0.0,5,0,3,2,8,0,6,2,0.0,0.0
2026-03-20,B0GPVYJ9W5,B076KMR1FK,0,0,0.0,0.0,10,0,4,6,10,0,4,6,0.0,0.0
2026-03-20,B0GPVYJ9W5,B076KN3YWK,0,0,0.0,0.0,25,0,14,11,34,0,19,15,0.0,0.0
2026-03-20,B0GPVYJ9W5,B07GWH311P,0,0,0.0,0.0,15,0,2,13,16,0,3,13,0.0,0.0
2026-03-20,B0GPVYJ9W5,B08WRHRS1D,0,0,0.0,0.0,7,0,1,6,7,0,1,6,0.0,0.0
2026-03-20,B0GPVYJ9W5,B08WRJCQC3,0,0,0.0,0.0,3,0,1,2,3,0,1,2,0.0,0.0
2026-03-20,B0GPVYJ9W5,B0C588B8W6,0,0,0.0,0.0,7,0,2,5,12,0,2,10,0.0,0.0
2026-03-20,B0GPVYJ9W5,B0C589VTYB,0,0,0.0,0.0,8,0,5,3,8,0,5,3,0.0,0.0
2026-03-20,B0GPVYJ9W5,B0DSP46SJ5,0,0,0.0,0.0,1,0,0,1,1,0,0,1,0.0,0.0
2026-03-20,B0GPVYJ9W5,B0DSP63HS2,0,0,0.0,0.0,9,0,2,7,11,0,2,9,0.0,0.0
2026-03-20,B0GPVYJ9W5,B0DSV4FCYR,0,0,0.0,0.0,4,0,2,2,5,0,3,2,0.0,0.0
2026-03-20,B0GPW7Q71K,B0D9NHHDT8,1,0,8318.0,0.0,216,2,59,157,273,3,82,191,0.46,0.0
2026-03-20,B0GPW7Q71K,B0D9NLNJR8,1,0,8820.0,0.0,263,1,101,162,395,1,163,232,0.38,0.0
2026-03-20,B0GPW7Q71K,B0GCML7KNV,1,0,10900.0,0.0,137,0,48,89,189,0,78,111,0.73,0.0
2026-03-20,B0GPW7Q71K,B0GCNCJXQQ,2,0,18720.0,0.0,211,1,72,139,300,1,108,192,0.95,0.0
2026-03-20,B0GPW7Q71K,B0GPW7Q71K,0,0,0.0,0.0,5,0,5,0,16,0,16,0,0.0,0.0
2026-03-20,B0GPW95Q9R,B07D2X6279,0,0,0.0,0.0,43,0,11,32,46,0,11,35,0.0,0.0
2026-03-20,B0GPW95Q9R,B07XC61T6W,0,0,0.0,0.0,117,1,30,87,136,2,35,101,0.0,0.0
2026-03-20,B0GPW95Q9R,B08H76G429,1,0,16919.0,0.0,25,0,6,19,34,0,6,28,4.0,0.0
2026-03-20,B0GPW95Q9R,B09N1V9PGF,0,0,0.0,0.0,58,1,23,35,74,1,27,47,0.0,0.0
2026-03-20,B0GPW95Q9R,B0FC5HF9L9,1,0,9900.0,0.0,319,2,75,244,480,2,119,361,0.31,0.0
2026-03-20,B0GPW95Q9R,B0GPW95Q9R,0,0,0.0,0.0,1,0,1,0,1,0,1,0,0.0,0.0
2026-03-21,B0DZWSM42N,B0F1XDQ38C,0,0,0.0,0.0,1,0,0,1,1,0,0,1,0.0,0.0
2026-03-21,B0F5Q56316,B0F1F42WVC,1,0,1280.0,0.0,1,0,0,1,1,0,0,1,100.0,0.0
2026-03-21,B076BWMYZR,B076BWMYZR,0,0,0.0,0.0,4,0,1,3,5,0,2,3,0.0,0.0
2026-03-21,B0GPW95Q9R,B08H76G429,1,0,16919.0,0.0,30,1,10,20,35,1,10,25,3.33,0.0
2026-03-21,B0DZWSM42N,B0F1X2VWGG,0,0,0.0,0.0,1,0,0,1,2,0,0,2,0.0,0.0
2026-03-21,B09KZZY78K,B09KZYXKYZ,1,0,15387.0,0.0,31,0,12,19,48,0,18,30,3.23,0.0
2026-03-21,B0BCQ2PP2J,B0FY4LLPH5,1,0,25920.0,0.0,37,0,15,22,55,0,27,28,2.7,0.0
2026-03-21,B0GPVYJ9W5,B076CMY7L1,0,0,0.0,0.0,39,1,18,21,76,5,34,42,0.0,0.0
2026-03-21,B0FJ1YK4K7,B0FJ1XXYFP,0,0,0.0,0.0,13,0,5,8,15,0,5,10,0.0,0.0
2026-03-21,B0GPVYJ9W5,B0C589VTYB,0,0,0.0,0.0,17,1,10,7,23,1,14,9,0.0,0.0
2026-03-21,B0GCCVX3QS,B0DY5RX8BC,0,0,0.0,0.0,35,0,13,22,45,0,17,28,0.0,0.0
2026-03-21,B0F5Q56316,B0F1F5G86R,0,0,0.0,0.0,1,0,0,1,1,0,0,1,0.0,0.0
2026-03-21,B0GPVYJ9W5,B01MQPBIOC,0,0,0.0,0.0,5,0,2,3,7,0,4,3,0.0,0.0
2026-03-21,B0FJ1YK4K7,B0GJRLB89H,0,0,0.0,0.0,18,0,3,15,19,0,4,15,0.0,0.0
2026-03-21,B0GPVYJ9W5,B0C588B8W6,0,0,0.0,0.0,13,0,6,7,22,0,10,12,0.0,0.0
2026-03-21,B0DZWSM42N,B0F1X9BP8J,0,0,0.0,0.0,1,0,0,1,1,0,0,1,0.0,0.0
2026-03-21,B0F8N7DWVV,B0F8NCYVYR,0,0,0.0,0.0,1,0,0,1,1,0,0,1,0.0,0.0
2026-03-21,B0D86LBDVB,B08X1KJ1V2,0,0,0.0,0.0,57,0,12,45,75,0,16,59,0.0,0.0
2026-03-21,B0D86LBDVB,B0D86LBDVB,0,0,0.0,0.0,2,0,2,0,16,0,16,0,0.0,0.0
2026-03-21,B0DNMHZR1N,B0819R4XCV,0,0,0.0,0.0,23,0,7,16,48,0,27,21,0.0,0.0
2026-03-21,B0DSMDW3XP,B08H4N7CL4,0,0,0.0,0.0,5,0,3,2,5,0,3,2,0.0,0.0
2026-03-21,B0FJ1YK4K7,B0FJ1Y577L,0,0,0.0,0.0,10,0,3,7,11,0,4,7,0.0,0.0
2026-03-21,B0DP7NWDNZ,B0D8VR2CW4,1,0,6282.0,0.0,179,0,43,136,243,0,62,181,0.56,0.0
2026-03-21,B0GPVYJ9W5,B076BT6STS,0,0,0.0,0.0,11,0,8,3,11,0,8,3,0.0,0.0
2026-03-21,B0DSMDW3XP,B08H4XDFJ8,0,0,0.0,0.0,21,0,4,17,27,0,5,22,0.0,0.0
2026-03-21,B0D86LBDVB,B075811BWJ,0,0,0.0,0.0,51,1,19,32,72,3,25,47,0.0,0.0
2026-03-21,B0DSMDW3XP,B08HQFQX3F,0,0,0.0,0.0,20,0,5,15,24,0,6,18,0.0,0.0
2026-03-21,B0DNMHZR1N,B074XSG5MH,1,0,15129.0,0.0,25,0,8,17,44,0,12,32,4.0,0.0
2026-03-21,B0GPVYJ9W5,B08WRJCQC3,0,0,0.0,0.0,7,0,3,4,9,0,5,4,0.0,0.0
2026-03-21,B0GPW7Q71K,B0GPW7Q71K,0,0,0.0,0.0,5,0,5,0,16,0,16,0,0.0,0.0
2026-03-21,B0GPVYJ9W5,B076K7T5GD,0,0,0.0,0.0,10,0,5,5,16,0,11,5,0.0,0.0
2026-03-21,B0GPW95Q9R,B07D2X6279,0,0,0.0,0.0,54,2,15,39,62,2,17,45,0.0,0.0
2026-03-21,B0BCQ2PP2J,B0CV4V1VQJ,0,0,0.0,0.0,28,0,8,20,30,0,8,22,0.0,0.0
2026-03-21,B08P31F45K,B0FY4QL7LS,1,0,25920.0,0.0,64,0,16,48,99,0,20,79,1.56,0.0
2026-03-21,B0DZWSM42N,B0F1XK4FJZ,0,0,0.0,0.0,1,0,0,1,1,0,0,1,0.0,0.0
2026-03-21,B0GCCVX3QS,B0DY5QX8W6,0,0,0.0,0.0,32,0,13,19,41,0,17,24,0.0,0.0
2026-03-21,B0DZWSM42N,B0F1WZ1JZM,0,0,0.0,0.0,1,0,0,1,1,0,0,1,0.0,0.0
2026-03-21,B0DSMDW3XP,B0842MPP9M,0,0,0.0,0.0,9,0,1,8,9,0,1,8,0.0,0.0
2026-03-21,B09KZZY78K,B09L11GCFB,0,0,0.0,0.0,13,0,4,9,18,0,8,10,0.0,0.0
2026-03-21,B08P31F45K,B0F7XHMQDX,0,0,0.0,0.0,29,0,6,23,34,0,7,27,0.0,0.0
2026-03-21,B08P31F45K,B0CN3N86F5,0,0,0.0,0.0,27,0,5,22,34,0,7,27,0.0,0.0
2026-03-21,B0BCQ2PP2J,B0CV4SWT5X,2,0,51840.0,0.0,75,0,11,64,118,0,22,96,2.67,0.0
2026-03-21,B0GPVYJ9W5,B076CPT1LM,0,0,0.0,0.0,33,1,13,20,46,1,18,28,0.0,0.0
2026-03-21,B0GPVYJ9W5,B01719SXC4,0,0,0.0,0.0,14,0,8,6,18,0,12,6,0.0,0.0
2026-03-21,B0GPVYJ9W5,B01IP61FU4,1,0,8800.0,0.0,20,1,9,11,35,5,16,19,5.0,0.0
2026-03-21,B0D86LBDVB,B01D1BSOPM,0,0,0.0,0.0,61,0,16,45,87,0,33,54,0.0,0.0
2026-03-21,B0DP7NWDNZ,B0DT9GFBPQ,3,0,18846.0,0.0,187,0,56,131,261,0,88,173,1.6,0.0
2026-03-21,B0GPVYJ9W5,B01N6A3UWA,0,0,0.0,0.0,2,0,1,1,2,0,1,1,0.0,0.0
2026-03-21,B0F5Q56316,B0F1F2HY7Q,1,0,1280.0,0.0,9,0,4,5,16,0,8,8,11.11,0.0
2026-03-21,B0GPVYJ9W5,B076KN3YWK,0,0,0.0,0.0,26,0,10,16,29,0,13,16,0.0,0.0
2026-03-21,B0BCQ2PP2J,B09GJGRVVV,0,0,0.0,0.0,22,0,5,17,26,0,7,19,0.0,0.0
2026-03-21,B0GPW95Q9R,B0GPW95Q9R,0,0,0.0,0.0,1,0,1,0,1,0,1,0,0.0,0.0
2026-03-21,B0D4TG2KBT,B0D4TJL2X5,0,0,0.0,0.0,166,0,28,138,217,0,31,186,0.0,0.0
2026-03-21,B0GPVYJ9W5,B01NACFFOZ,0,0,0.0,0.0,10,0,6,4,13,0,9,4,0.0,0.0
2026-03-21,B0BCQ2PP2J,B08P2X5DB9,1,0,18599.0,0.0,37,0,9,28,46,0,12,34,2.7,0.0
2026-03-21,B0D86LBDVB,B01N3B009P,0,0,0.0,0.0,139,0,44,95,197,0,75,122,0.0,0.0
2026-03-21,B0GCCVX3QS,B0GCJC7FWJ,0,0,0.0,0.0,9,0,4,5,9,0,4,5,0.0,0.0
2026-03-21,B0D86LBDVB,B0D7VGPZ1J,2,0,27880.0,0.0,175,2,47,128,255,3,59,196,1.14,0.0
2026-03-21,B0GPVYJ9W5,B01IP61FXQ,0,0,0.0,0.0,4,0,2,2,4,0,2,2,0.0,0.0
2026-03-21,B0BCQ2PP2J,B0DT9FQD5S,0,0,0.0,0.0,22,0,7,15,25,0,9,16,0.0,0.0
2026-03-21,B0FJ1YK4K7,B0FJ1ZH91Y,1,0,3800.0,0.0,54,0,22,32,76,0,30,46,1.85,0.0
2026-03-21,B0GCCVX3QS,B0DY5RSTYM,0,0,0.0,0.0,12,0,3,9,17,0,3,14,0.0,0.0
2026-03-21,B0DSMDW3XP,B0842N5V5C,0,0,0.0,0.0,7,0,3,4,7,0,3,4,0.0,0.0
2026-03-21,B0GPVYJ9W5,B01IP61FXG,0,0,0.0,0.0,1,0,1,0,1,0,1,0,0.0,0.0
2026-03-21,B0GPW7Q71K,B0GCML7KNV,1,0,10900.0,0.0,176,0,51,125,267,0,85,182,0.57,0.0
2026-03-21,B0GPVYJ9W5,B08WRHRS1D,0,0,0.0,0.0,12,0,7,5,16,0,11,5,0.0,0.0
2026-03-21,B0GPVYJ9W5,B01719SX5Q,0,0,0.0,0.0,31,0,11,20,47,0,18,29,0.0,0.0
2026-03-21,B0DSMDW3XP,B0842MNWGN,0,0,0.0,0.0,13,0,5,8,15,0,6,9,0.0,0.0
2026-03-21,B0GPNG1M7Y,B0GPNTM2R5,0,0,0.0,0.0,2,0,0,2,4,0,0,4,0.0,0.0
2026-03-21,B0DNMHZR1N,B0DNMHZR1N,0,0,0.0,0.0,2,0,2,0,8,0,8,0,0.0,0.0
2026-03-21,B08P31F45K,B0DTH5B27T,1,0,23256.0,0.0,47,0,13,34,79,0,14,65,2.13,0.0
2026-03-21,B0DNMHZR1N,B074XT7CKW,1,0,14800.0,0.0,35,0,11,24,56,0,15,41,2.86,0.0
2026-03-21,B0GPVSJ68J,B0DRVB5VCW,0,0,0.0,0.0,70,1,17,53,98,1,21,77,0.0,0.0
2026-03-21,B0GCCVX3QS,B0GCHJD81G,0,0,0.0,0.0,2,0,0,2,2,0,0,2,0.0,0.0
2026-03-21,B0D86LBDVB,B07DTCV4N4,0,0,0.0,0.0,85,1,30,55,159,1,55,104,0.0,0.0
2026-03-21,B0BCQ2PP2J,B0DT8T75BV,0,0,0.0,0.0,32,0,9,23,41,0,9,32,0.0,0.0
2026-03-21,B08P31F45K,B09GK7JVS6,0,0,0.0,0.0,7,0,2,5,7,0,2,5,0.0,0.0
2026-03-21,B0DZWSM42N,B0F1X84F8M,0,0,0.0,0.0,1,0,0,1,1,0,0,1,0.0,0.0
2026-03-21,B0D86LBDVB,B07DT9FBPK,1,0,13243.0,0.0,89,0,21,68,118,0,26,92,1.12,0.0
2026-03-21,B08P31F45K,B0DT9D66X1,0,0,0.0,0.0,23,0,6,17,44,0,8,36,0.0,0.0
2026-03-21,B0D86LBDVB,B01N9UXG9E,3,2,41820.0,27880.0,50,1,11,39,77,4,16,61,6.0,200.0
2026-03-21,B0GPVYJ9W5,B01I6DN7VQ,0,0,0.0,0.0,59,0,14,45,81,0,22,59,0.0,0.0
2026-03-21,B0GCCVX3QS,B0GCCVX3QS,0,0,0.0,0.0,1,0,1,0,3,0,3,0,0.0,0.0
2026-03-21,B0DNMHZR1N,B0F7WHKGT4,0,0,0.0,0.0,31,1,12,19,36,1,12,24,0.0,0.0
2026-03-21,B0DSMDW3XP,B082YBFK7F,0,0,0.0,0.0,12,0,3,9,25,0,3,22,0.0,0.0
2026-03-21,B0GPVYJ9W5,B01719SX7E,0,0,0.0,0.0,10,0,3,7,11,0,4,7,0.0,0.0
2026-03-21,B076BMTHVQ,B076BMTHVQ,0,0,0.0,0.0,3,0,1,2,5,0,1,4,0.0,0.0
2026-03-21,B0GCCVX3QS,B0GCHK5PF9,0,0,0.0,0.0,2,0,0,2,2,0,0,2,0.0,0.0
2026-03-21,B0GPVYJ9W5,B01E8HZPHI,1,0,8800.0,0.0,11,0,6,5,17,0,12,5,9.09,0.0
2026-03-21,B0BCQ2PP2J,B0DT9DDBC1,0,0,0.0,0.0,14,0,2,12,17,0,2,15,0.0,0.0
2026-03-21,B0D86LBDVB,B08X1LFKXW,0,0,0.0,0.0,76,2,23,53,106,3,28,78,0.0,0.0
2026-03-21,B0GCCVX3QS,B0GCHYN4FQ,0,0,0.0,0.0,2,0,0,2,2,0,0,2,0.0,0.0
2026-03-21,B0GPVSJ68J,B077CVQPXD,0,0,0.0,0.0,19,1,5,14,25,1,6,19,0.0,0.0
2026-03-21,B0DP7NWDNZ,B0D8VPS7ZR,1,0,6282.0,0.0,308,3,72,236,463,3,94,369,0.32,0.0
2026-03-21,B0GCCVX3QS,B0GCJD3GQT,0,0,0.0,0.0,1,0,1,0,4,0,4,0,0.0,0.0
2026-03-21,B0DNMHZR1N,B0F7WHCJQL,0,0,0.0,0.0,89,0,22,67,133,0,32,101,0.0,0.0
2026-03-21,B0DZWSM42N,B0F1WWSZF5,0,0,0.0,0.0,1,0,0,1,1,0,0,1,0.0,0.0
2026-03-21,B08P31F45K,B0DT9GW9YH,0,0,0.0,0.0,28,0,12,16,34,0,14,20,0.0,0.0
2026-03-21,B0GPVYJ9W5,B01719SXCO,0,0,0.0,0.0,2,0,1,1,2,0,1,1,0.0,0.0
2026-03-21,B09KZZY78K,B09KZWRV62,0,0,0.0,0.0,30,0,10,20,38,0,11,27,0.0,0.0
2026-03-21,B0BCQ2PP2J,B0FY4L7J5N,0,0,0.0,0.0,33,0,16,17,43,0,26,17,0.0,0.0
2026-03-21,B0DNMHZR1N,B07TWHQCTH,0,0,0.0,0.0,22,0,7,15,32,0,17,15,0.0,0.0
2026-03-21,B0GPVYJ9W5,B01NBDN4B1,0,0,0.0,0.0,13,0,8,5,16,0,9,7,0.0,0.0
2026-03-21,B0GCCVX3QS,B0GCK39NBW,0,0,0.0,0.0,9,0,4,5,11,0,4,7,0.0,0.0
2026-03-21,B0GPVYJ9W5,B0DSV4FCYR,0,0,0.0,0.0,4,0,1,3,6,0,2,4,0.0,0.0
2026-03-21,B08P31F45K,B0FY4NVXGL,0,0,0.0,0.0,16,0,6,10,16,0,6,10,0.0,0.0
2026-03-21,B0GPW95Q9R,B07XC61T6W,0,0,0.0,0.0,152,3,37,115,183,4,47,136,0.0,0.0
2026-03-21,B0DZWSM42N,B0F1XK58CT,0,0,0.0,0.0,1,0,0,1,1,0,0,1,0.0,0.0
2026-03-21,B0BCQ2PP2J,B0FY4MZZBK,0,0,0.0,0.0,18,0,8,10,24,0,12,12,0.0,0.0
2026-03-21,B0F8VN4X7W,B0F8VQG4KB,0,0,0.0,0.0,4,0,2,2,4,0,2,2,0.0,0.0
2026-03-21,B0GPVYJ9W5,B072Q14K36,0,0,0.0,0.0,20,1,11,9,29,1,14,15,0.0,0.0
2026-03-21,B0GPW7Q71K,B0D9NLNJR8,0,0,0.0,0.0,366,2,108,258,541,2,170,371,0.0,0.0
2026-03-21,B0GPVYJ9W5,B01MQPBIKQ,0,0,0.0,0.0,8,0,1,7,10,0,2,8,0.0,0.0
2026-03-21,B0GCCVX3QS,B0GCHJSQSR,0,0,0.0,0.0,5,0,4,1,5,0,4,1,0.0,0.0
2026-03-21,B0DNMHZR1N,B074XNN319,0,0,0.0,0.0,39,0,17,22,57,0,27,30,0.0,0.0
2026-03-21,B0D86LBDVB,B01NCZ4488,0,0,0.0,0.0,42,1,13,29,81,5,26,55,0.0,0.0
2026-03-21,B0DNMHZR1N,B0F7WMHMQT,0,0,0.0,0.0,27,1,5,22,33,1,7,26,0.0,0.0
2026-03-21,B08P31F45K,B0CN3LTPXT,0,0,0.0,0.0,32,0,9,23,37,0,12,25,0.0,0.0
2026-03-21,B0GPVYJ9W5,B076BZ2BSG,0,0,0.0,0.0,7,0,4,3,7,0,4,3,0.0,0.0
2026-03-21,B0DSMDW3XP,B08HPXFHV6,0,0,0.0,0.0,15,0,6,9,17,0,7,10,0.0,0.0
2026-03-21,B08P31F45K,B0F7X8N5JD,0,0,0.0,0.0,40,0,11,29,56,0,15,41,0.0,0.0
2026-03-21,B08P31F45K,B0FY4NPM7G,0,0,0.0,0.0,65,1,21,44,83,1,28,55,0.0,0.0
2026-03-21,B0GCCVX3QS,B0DY5RFC8B,0,0,0.0,0.0,17,0,9,8,22,0,11,11,0.0,0.0
2026-03-21,B0GPW7Q71K,B0D9NHHDT8,2,0,16636.0,0.0,313,2,75,238,396,3,108,288,0.64,0.0
2026-03-21,B08P31F45K,B0DT977KJV,0,0,0.0,0.0,45,0,12,33,57,0,13,44,0.0,0.0
2026-03-21,B0D86LBDVB,B07DTCSFDR,1,0,13939.0,0.0,34,1,4,30,57,1,4,53,2.94,0.0
2026-03-21,B0DNMHZR1N,B074ZYP79P,0,0,0.0,0.0,44,1,13,31,56,1,18,38,0.0,0.0
2026-03-21,B0DP7NWDNZ,B0D8VPZ3JF,2,0,12564.0,0.0,288,0,67,221,399,0,84,315,0.69,0.0
2026-03-21,B0DNMHZR1N,B07TTD8PSH,0,0,0.0,0.0,61,0,17,44,98,0,40,58,0.0,0.0
2026-03-21,B0GPW7Q71K,B0GCNCJXQQ,3,0,28080.0,0.0,286,2,86,200,433,3,143,290,1.05,0.0
2026-03-21,B09KZZY78K,B09KZYRM9H,3,0,32037.0,0.0,22,0,3,19,53,0,4,49,13.64,0.0
2026-03-21,B0GCCVX3QS,B0GCJR1FHL,0,0,0.0,0.0,2,0,0,2,2,0,0,2,0.0,0.0
2026-03-21,B0GPVYJ9W5,B01719SX74,0,0,0.0,0.0,12,0,5,7,14,0,6,8,0.0,0.0
2026-03-21,B0GPVYJ9W5,B07GWH311P,0,0,0.0,0.0,12,0,5,7,14,0,7,7,0.0,0.0
2026-03-21,B0DSMDW3XP,B082YBP78K,0,0,0.0,0.0,29,0,11,18,33,0,11,22,0.0,0.0
2026-03-21,B0GPVSJ68J,B0GPVSJ68J,0,0,0.0,0.0,1,0,1,0,2,0,2,0,0.0,0.0
2026-03-21,B0GCCVX3QS,B0GCHJ46P6,0,0,0.0,0.0,8,0,4,4,9,0,5,4,0.0,0.0
2026-03-21,B0F8NK36FX,B0F8NJSVLX,0,0,0.0,0.0,1,0,1,0,1,0,1,0,0.0,0.0
2026-03-21,B0GPVSJ68J,B0CV4ZBFRZ,0,0,0.0,0.0,45,1,10,35,53,1,14,39,0.0,0.0
2026-03-21,B0F8VN4X7W,B0F8VKMKBB,0,0,0.0,0.0,1,0,1,0,1,0,1,0,0.0,0.0
2026-03-21,B0DNMHZR1N,B07CYRH7PP,0,0,0.0,0.0,45,0,19,26,72,0,36,36,0.0,0.0
2026-03-21,B0GCCVX3QS,B0GCJCP1HG,0,0,0.0,0.0,9,0,5,4,10,0,6,4,0.0,0.0
2026-03-21,B08P31F45K,B0DT98HGNJ,0,0,0.0,0.0,35,0,13,22,66,0,24,42,0.0,0.0
2026-03-21,B0D4TG2KBT,B0D4TKK7QC,0,0,0.0,0.0,166,0,28,138,199,0,35,164,0.0,0.0
2026-03-21,B0F8N7DWVV,B0F74VW882,0,0,0.0,0.0,2,0,1,1,2,0,1,1,0.0,0.0
2026-03-21,B0D86LBDVB,B0D7VL3ZPY,3,0,41820.0,0.0,215,3,57,158,345,3,83,262,1.4,0.0
2026-03-21,B0BCQ2PP2J,B0CV4V86GN,3,0,77760.0,0.0,53,0,16,37,86,0,28,58,5.66,0.0
2026-03-21,B0BCQ2PP2J,B0CT5GBJLR,0,0,0.0,0.0,20,0,4,16,24,0,5,19,0.0,0.0
2026-03-21,B0D86LBDVB,B08X1BFB7N,0,0,0.0,0.0,64,0,21,43,86,0,29,57,0.0,0.0
2026-03-21,B0GPVSJ68J,B0CV4X1LYZ,0,0,0.0,0.0,42,1,11,31,66,2,15,51,0.0,0.0
2026-03-21,B0BCQ2PP2J,B0CT32RDC4,0,0,0.0,0.0,22,0,4,18,26,0,5,21,0.0,0.0
2026-03-21,B08P31F45K,B0CN3JHX9V,0,0,0.0,0.0,77,0,29,48,154,0,52,102,0.0,0.0
2026-03-21,B0F5Q56316,B0F1DY5Z6S,3,0,3840.0,0.0,19,0,7,12,25,0,12,13,15.79,0.0
2026-03-21,B0D86LBDVB,B08X183LPL,2,0,26484.0,0.0,163,0,51,112,237,0,71,166,1.23,0.0
2026-03-21,B0F8NK36FX,B0F8NGCB5N,0,0,0.0,0.0,1,0,1,0,2,0,2,0,0.0,0.0
2026-03-21,B0BCQ2PP2J,B0DR8DKPLC,1,0,18598.0,0.0,28,0,7,21,33,0,9,24,3.57,0.0
2026-03-21,B0DNMHZR1N,B07519MK8F,0,0,0.0,0.0,82,1,23,59,125,1,48,77,0.0,0.0
2026-03-21,B0DNMHZR1N,B07TXLGQRR,0,0,0.0,0.0,53,3,24,29,78,3,43,35,0.0,0.0
2026-03-21,B0DNMHZR1N,B07543CN2T,0,0,0.0,0.0,24,2,7,17,30,2,8,22,0.0,0.0
2026-03-21,B0GPW95Q9R,B0FC5HF9L9,1,0,9900.0,0.0,485,6,113,372,670,8,155,515,0.21,0.0
2026-03-21,B0GPVYJ9W5,B0DSP63HS2,0,0,0.0,0.0,13,0,5,8,17,0,5,12,0.0,0.0
2026-03-21,B0DP7NWDNZ,B0DP7NWDNZ,0,0,0.0,0.0,3,0,3,0,22,0,22,0,0.0,0.0
2026-03-21,B0DNMHZR1N,B0F7WSRC91,0,0,0.0,0.0,48,3,18,30,73,3,27,46,0.0,0.0
2026-03-21,B0GPVYJ9W5,B01719SX8I,0,0,0.0,0.0,5,0,1,4,7,0,1,6,0.0,0.0
2026-03-21,B0D86LBDVB,B01N6TYYZO,0,0,0.0,0.0,110,0,27,83,140,0,31,109,0.0,0.0
2026-03-21,B0D4TG2KBT,B0D4TMSNH1,0,0,0.0,0.0,43,1,11,32,72,5,13,59,0.0,0.0
2026-03-21,B0GPW95Q9R,B09N1V9PGF,0,0,0.0,0.0,71,3,27,44,97,4,37,60,0.0,0.0
2026-03-21,B0GPVYJ9W5,B01719SX9C,0,0,0.0,0.0,26,0,9,17,38,0,14,24,0.0,0.0
2026-03-21,B0GCCVX3QS,B0GCJKRLZC,0,0,0.0,0.0,7,0,3,4,7,0,3,4,0.0,0.0
2026-03-21,B0GPVYJ9W5,B0DSP46SJ5,0,0,0.0,0.0,4,0,2,2,4,0,2,2,0.0,0.0
2026-03-21,B08P31F45K,B09GK19G1N,2,0,16656.0,0.0,42,0,11,31,62,0,12,50,4.76,0.0
2026-03-21,B0DSMDW3XP,B0DSMDW3XP,0,0,0.0,0.0,2,0,2,0,4,0,4,0,0.0,0.0
2026-03-21,B0GPVYJ9W5,B076KMR1FK,0,0,0.0,0.0,12,1,7,5,12,1,7,5,0.0,0.0
2026-03-21,B0GCCVX3QS,B0DY5QT64L,0,0,0.0,0.0,16,0,9,7,28,0,21,7,0.0,0.0
2026-03-21,B0DNMHZR1N,B074XS6GH5,0,0,0.0,0.0,35,1,9,26,50,1,12,38,0.0,0.0
2026-03-21,B08P31F45K,B0FY4MPKM8,0,0,0.0,0.0,51,0,18,33,145,0,55,90,0.0,0.0
2026-03-21,B0DNMHZR1N,B07516477J,1,0,12800.0,0.0,85,4,27,58,122,5,41,81,1.18,0.0
2026-03-21,B0GCCVX3QS,B0GCHYSHQN,0,0,0.0,0.0,7,0,2,5,7,0,2,5,0.0,0.0
2026-03-21,B0D86LBDVB,B081SZT58P,0,0,0.0,0.0,29,0,7,22,35,0,9,26,0.0,0.0
2026-03-21,B0D86LBDVB,B081SY9LGF,0,0,0.0,0.0,28,0,10,18,33,0,10,23,0.0,0.0
2026-03-21,B0DNMHZR1N,B07544J3M4,0,0,0.0,0.0,15,1,9,6,26,1,20,6,0.0,0.0
2026-03-22,B076BMTHVQ,B076BMTHVQ,0,0,0.0,0.0,2,0,1,1,2,0,1,1,0.0,0.0
2026-03-22,B076BWMYZR,B076BWMYZR,0,0,0.0,0.0,2,0,1,1,3,0,2,1,0.0,0.0
2026-03-22,B08P31F45K,B09GK19G1N,3,0,24984.0,0.0,53,0,14,39,75,0,16,59,5.66,0.0
2026-03-22,B08P31F45K,B09GK7JVS6,0,0,0.0,0.0,12,0,7,5,16,0,9,7,0.0,0.0
2026-03-22,B08P31F45K,B0CN3JHX9V,1,0,25920.0,0.0,72,0,28,44,154,0,48,106,1.39,0.0
2026-03-22,B08P31F45K,B0CN3LTPXT,0,0,0.0,0.0,26,0,8,18,33,0,15,18,0.0,0.0
2026-03-22,B08P31F45K,B0CN3N86F5,0,0,0.0,0.0,25,0,8,17,36,0,12,24,0.0,0.0
2026-03-22,B08P31F45K,B0DT977KJV,0,0,0.0,0.0,48,0,18,30,61,0,18,43,0.0,0.0
2026-03-22,B08P31F45K,B0DT98HGNJ,0,0,0.0,0.0,41,0,17,24,70,0,25,45,0.0,0.0
2026-03-22,B08P31F45K,B0DT9D66X1,0,0,0.0,0.0,27,0,12,15,49,0,16,33,0.0,0.0
2026-03-22,B08P31F45K,B0DT9GW9YH,0,0,0.0,0.0,28,0,10,18,32,0,12,20,0.0,0.0
2026-03-22,B08P31F45K,B0DTH5B27T,1,0,23256.0,0.0,44,0,15,29,67,0,15,52,2.27,0.0
2026-03-22,B08P31F45K,B0F7X8N5JD,0,0,0.0,0.0,53,0,13,40,68,0,19,49,0.0,0.0
2026-03-22,B08P31F45K,B0F7XHMQDX,0,0,0.0,0.0,25,0,6,19,27,0,6,21,0.0,0.0
2026-03-22,B08P31F45K,B0FY4MPKM8,0,0,0.0,0.0,43,0,14,29,128,0,47,81,0.0,0.0
2026-03-22,B08P31F45K,B0FY4NPM7G,0,0,0.0,0.0,57,1,20,37,69,1,21,48,0.0,0.0
2026-03-22,B08P31F45K,B0FY4NVXGL,0,0,0.0,0.0,19,0,6,13,19,0,6,13,0.0,0.0
2026-03-22,B08P31F45K,B0FY4QL7LS,1,0,25920.0,0.0,55,0,15,40,88,0,19,69,1.82,0.0
2026-03-22,B09KZZY78K,B09KZWRV62,0,0,0.0,0.0,27,0,13,14,44,0,15,29,0.0,0.0
2026-03-22,B09KZZY78K,B09KZYRM9H,0,0,0.0,0.0,13,0,6,7,15,0,7,8,0.0,0.0
2026-03-22,B09KZZY78K,B09KZYXKYZ,3,0,46161.0,0.0,38,1,8,30,58,1,12,46,7.89,0.0
2026-03-22,B09KZZY78K,B09L11GCFB,1,0,15887.0,0.0,17,0,1,16,21,0,2,19,5.88,0.0
2026-03-22,B0BCQ2PP2J,B08P2X5DB9,1,0,18599.0,0.0,36,0,10,26,42,0,12,30,2.78,0.0
2026-03-22,B0BCQ2PP2J,B09GJGRVVV,0,0,0.0,0.0,25,0,7,18,31,0,8,23,0.0,0.0
2026-03-22,B0BCQ2PP2J,B0CT32RDC4,0,0,0.0,0.0,14,0,6,8,17,0,6,11,0.0,0.0
2026-03-22,B0BCQ2PP2J,B0CT5GBJLR,0,0,0.0,0.0,15,0,4,11,25,0,9,16,0.0,0.0
2026-03-22,B0BCQ2PP2J,B0CV4SWT5X,1,0,25920.0,0.0,84,0,20,64,123,0,30,93,1.19,0.0
2026-03-22,B0BCQ2PP2J,B0CV4V1VQJ,0,0,0.0,0.0,16,0,3,13,25,0,3,22,0.0,0.0
2026-03-22,B0BCQ2PP2J,B0CV4V86GN,2,0,51840.0,0.0,43,0,12,31,62,0,23,39,4.65,0.0
2026-03-22,B0BCQ2PP2J,B0DR8DKPLC,1,0,18598.0,0.0,27,0,9,18,31,0,12,19,3.7,0.0
2026-03-22,B0BCQ2PP2J,B0DT8T75BV,0,0,0.0,0.0,30,0,7,23,36,0,7,29,0.0,0.0
2026-03-22,B0BCQ2PP2J,B0DT9DDBC1,0,0,0.0,0.0,11,0,4,7,14,0,4,10,0.0,0.0
2026-03-22,B0BCQ2PP2J,B0DT9FQD5S,0,0,0.0,0.0,21,0,6,15,27,0,7,20,0.0,0.0
2026-03-22,B0BCQ2PP2J,B0FY4L7J5N,0,0,0.0,0.0,36,0,15,21,46,0,22,24,0.0,0.0
2026-03-22,B0BCQ2PP2J,B0FY4LLPH5,0,0,0.0,0.0,39,0,14,25,62,0,24,38,0.0,0.0
2026-03-22,B0BCQ2PP2J,B0FY4MZZBK,1,0,28800.0,0.0,24,0,13,11,33,0,17,16,4.17,0.0
2026-03-22,B0D4TG2KBT,B0D4TJL2X5,0,0,0.0,0.0,164,0,36,128,228,0,45,183,0.0,0.0
2026-03-22,B0D4TG2KBT,B0D4TKK7QC,0,0,0.0,0.0,159,1,30,129,192,1,35,157,0.0,0.0
2026-03-22,B0D4TG2KBT,B0D4TMSNH1,0,0,0.0,0.0,51,1,14,37,82,5,17,65,0.0,0.0
2026-03-22,B0D86LBDVB,B01D1BSOPM,0,0,0.0,0.0,150,0,25,125,193,0,45,148,0.0,0.0
2026-03-22,B0D86LBDVB,B01N3B009P,0,0,0.0,0.0,148,1,41,107,204,1,66,138,0.0,0.0
2026-03-22,B0D86LBDVB,B01N6TYYZO,0,0,0.0,0.0,124,1,27,97,175,1,35,140,0.0,0.0
2026-03-22,B0D86LBDVB,B01N9UXG9E,3,2,41820.0,27880.0,61,2,10,51,81,5,15,66,4.92,100.0
2026-03-22,B0D86LBDVB,B01NCZ4488,0,0,0.0,0.0,50,2,12,38,73,6,20,53,0.0,0.0
2026-03-22,B0D86LBDVB,B075811BWJ,0,0,0.0,0.0,53,2,15,38,66,4,20,46,0.0,0.0
2026-03-22,B0D86LBDVB,B07DT9FBPK,1,0,13243.0,0.0,95,0,25,70,144,0,40,104,1.05,0.0
2026-03-22,B0D86LBDVB,B07DTCSFDR,2,0,27878.0,0.0,37,1,9,28,51,1,9,42,5.41,0.0
2026-03-22,B0D86LBDVB,B07DTCV4N4,0,0,0.0,0.0,89,1,29,60,151,1,50,101,0.0,0.0
2026-03-22,B0D86LBDVB,B081SY9LGF,0,0,0.0,0.0,38,0,8,30,51,0,8,43,0.0,0.0
2026-03-22,B0D86LBDVB,B081SZT58P,0,0,0.0,0.0,29,0,9,20,37,0,12,25,0.0,0.0
2026-03-22,B0D86LBDVB,B08X183LPL,2,0,26484.0,0.0,194,1,61,133,289,1,82,207,1.03,0.0
2026-03-22,B0D86LBDVB,B08X1BFB7N,0,0,0.0,0.0,68,0,14,54,88,0,18,70,0.0,0.0
2026-03-22,B0D86LBDVB,B08X1KJ1V2,0,0,0.0,0.0,65,1,15,50,99,1,17,82,0.0,0.0
2026-03-22,B0D86LBDVB,B08X1LFKXW,1,0,13940.0,0.0,90,1,17,73,127,2,23,104,1.11,0.0
2026-03-22,B0D86LBDVB,B0D7VGPZ1J,4,0,55760.0,0.0,183,3,44,139,285,4,81,204,2.19,0.0
2026-03-22,B0D86LBDVB,B0D7VL3ZPY,3,0,41820.0,0.0,289,3,60,229,427,3,91,336,1.04,0.0
2026-03-22,B0DNMHZR1N,B074XNN319,0,0,0.0,0.0,48,0,16,32,70,0,29,41,0.0,0.0
2026-03-22,B0DNMHZR1N,B074XS6GH5,0,0,0.0,0.0,35,0,7,28,49,0,12,37,0.0,0.0
2026-03-22,B0DNMHZR1N,B074XSG5MH,0,0,0.0,0.0,30,0,7,23,44,0,10,34,0.0,0.0
2026-03-22,B0DNMHZR1N,B074XT7CKW,1,0,14800.0,0.0,46,0,10,36,94,0,36,58,2.17,0.0
2026-03-22,B0DNMHZR1N,B074ZYP79P,0,0,0.0,0.0,37,0,12,25,45,0,16,29,0.0,0.0
2026-03-22,B0DNMHZR1N,B07516477J,0,0,0.0,0.0,102,2,23,79,148,2,39,109,0.0,0.0
2026-03-22,B0DNMHZR1N,B07519MK8F,0,0,0.0,0.0,78,0,16,62,116,0,34,82,0.0,0.0
2026-03-22,B0DNMHZR1N,B07543CN2T,0,0,0.0,0.0,21,0,6,15,27,0,10,17,0.0,0.0
2026-03-22,B0DNMHZR1N,B07544J3M4,0,0,0.0,0.0,23,0,10,13,37,0,14,23,0.0,0.0
2026-03-22,B0DNMHZR1N,B07CYRH7PP,0,0,0.0,0.0,52,0,21,31,83,0,37,46,0.0,0.0
2026-03-22,B0DNMHZR1N,B07TTD8PSH,0,0,0.0,0.0,60,0,15,45,89,0,36,53,0.0,0.0
2026-03-22,B0DNMHZR1N,B07TWHQCTH,0,0,0.0,0.0,25,0,9,16,37,0,19,18,0.0,0.0
2026-03-22,B0DNMHZR1N,B07TXLGQRR,0,0,0.0,0.0,51,0,16,35,81,0,36,45,0.0,0.0
2026-03-22,B0DNMHZR1N,B0819R4XCV,0,0,0.0,0.0,17,0,7,10,47,0,31,16,0.0,0.0
2026-03-22,B0DNMHZR1N,B0F7WHCJQL,1,0,14799.0,0.0,95,0,22,73,144,0,39,105,1.05,0.0
2026-03-22,B0DNMHZR1N,B0F7WHKGT4,0,0,0.0,0.0,29,0,7,22,34,0,7,27,0.0,0.0
2026-03-22,B0DNMHZR1N,B0F7WMHMQT,1,0,14799.0,0.0,21,0,2,19,27,0,3,24,4.76,0.0
2026-03-22,B0DNMHZR1N,B0F7WSRC91,0,0,0.0,0.0,37,0,12,25,63,0,25,38,0.0,0.0
2026-03-22,B0DP7NWDNZ,B0D8VPS7ZR,3,0,18846.0,0.0,340,4,81,259,500,4,116,384,0.88,0.0
2026-03-22,B0DP7NWDNZ,B0D8VPZ3JF,0,0,0.0,0.0,295,2,67,228,414,4,86,328,0.0,0.0
2026-03-22,B0DP7NWDNZ,B0D8VR2CW4,2,0,12564.0,0.0,204,1,40,164,272,1,52,220,0.98,0.0
2026-03-22,B0DP7NWDNZ,B0DT9GFBPQ,2,0,12564.0,0.0,211,2,65,146,342,2,103,239,0.95,0.0
2026-03-22,B0DSMDW3XP,B082YBFK7F,0,0,0.0,0.0,15,0,4,11,27,0,4,23,0.0,0.0
2026-03-22,B0DSMDW3XP,B082YBP78K,0,0,0.0,0.0,33,0,11,22,45,0,15,30,0.0,0.0
2026-03-22,B0DSMDW3XP,B0842MNWGN,0,0,0.0,0.0,12,0,5,7,19,0,11,8,0.0,0.0
2026-03-22,B0DSMDW3XP,B0842MPP9M,0,0,0.0,0.0,16,0,7,9,20,0,10,10,0.0,0.0
2026-03-22,B0DSMDW3XP,B0842N5V5C,0,0,0.0,0.0,9,0,4,5,12,0,5,7,0.0,0.0
2026-03-22,B0DSMDW3XP,B08H4N7CL4,0,0,0.0,0.0,10,0,6,4,11,0,6,5,0.0,0.0
2026-03-22,B0DSMDW3XP,B08H4XDFJ8,0,0,0.0,0.0,22,0,7,15,31,0,11,20,0.0,0.0
2026-03-22,B0DSMDW3XP,B08HPXFHV6,0,0,0.0,0.0,20,0,9,11,24,0,12,12,0.0,0.0
2026-03-22,B0DSMDW3XP,B08HQFQX3F,0,0,0.0,0.0,25,0,7,18,37,0,14,23,0.0,0.0
2026-03-22,B0F5Q56316,B0F1DY5Z6S,4,0,5120.0,0.0,24,1,8,16,29,3,13,16,16.67,0.0
2026-03-22,B0F5Q56316,B0F1F2HY7Q,0,0,0.0,0.0,11,0,3,8,12,0,3,9,0.0,0.0
2026-03-22,B0F5Q56316,B0F1F42WVC,2,0,2560.0,0.0,5,0,1,4,6,0,2,4,40.0,0.0
2026-03-22,B0F5Q56316,B0F1F5G86R,0,0,0.0,0.0,2,0,0,2,2,0,0,2,0.0,0.0
2026-03-22,B0F5Q56316,B0F5Q8DVQR,0,0,0.0,0.0,2,0,0,2,2,0,0,2,0.0,0.0
2026-03-22,B0F8NK36FX,B0F8NGCB5N,0,0,0.0,0.0,4,0,2,2,5,0,3,2,0.0,0.0
2026-03-22,B0F8NK36FX,B0F8NJSVLX,0,0,0.0,0.0,1,0,1,0,1,0,1,0,0.0,0.0
2026-03-22,B0F8VN4X7W,B0F8VKMKBB,0,0,0.0,0.0,2,0,1,1,2,0,1,1,0.0,0.0
2026-03-22,B0F8VN4X7W,B0F8VQG4KB,0,0,0.0,0.0,3,0,1,2,3,0,1,2,0.0,0.0
2026-03-22,B0FJ1YK4K7,B0FJ1XXYFP,0,0,0.0,0.0,26,0,12,14,28,0,12,16,0.0,0.0
2026-03-22,B0FJ1YK4K7,B0FJ1Y577L,0,0,0.0,0.0,11,0,6,5,16,0,10,6,0.0,0.0
2026-03-22,B0FJ1YK4K7,B0FJ1ZH91Y,0,0,0.0,0.0,60,0,25,35,91,0,33,58,0.0,0.0
2026-03-22,B0FJ1YK4K7,B0GJRLB89H,0,0,0.0,0.0,19,0,7,12,22,0,8,14,0.0,0.0
2026-03-22,B0GCCVX3QS,B0DY5QT64L,0,0,0.0,0.0,7,0,6,1,18,0,17,1,0.0,0.0
2026-03-22,B0GCCVX3QS,B0DY5QX8W6,0,0,0.0,0.0,34,0,8,26,43,0,10,33,0.0,0.0
2026-03-22,B0GCCVX3QS,B0DY5RFC8B,0,0,0.0,0.0,15,0,5,10,21,0,5,16,0.0,0.0
2026-03-22,B0GCCVX3QS,B0DY5RSTYM,0,0,0.0,0.0,9,0,2,7,11,0,2,9,0.0,0.0
2026-03-22,B0GCCVX3QS,B0DY5RX8BC,0,0,0.0,0.0,28,0,7,21,35,0,9,26,0.0,0.0
2026-03-22,B0GCCVX3QS,B0GCHJ46P6,0,0,0.0,0.0,8,0,1,7,8,0,1,7,0.0,0.0
2026-03-22,B0GCCVX3QS,B0GCHJD81G,0,0,0.0,0.0,2,0,1,1,3,0,1,2,0.0,0.0
2026-03-22,B0GCCVX3QS,B0GCHJSQSR,0,0,0.0,0.0,6,0,3,3,7,0,3,4,0.0,0.0
2026-03-22,B0GCCVX3QS,B0GCHK5PF9,0,0,0.0,0.0,2,0,0,2,3,0,0,3,0.0,0.0
2026-03-22,B0GCCVX3QS,B0GCHYN4FQ,0,0,0.0,0.0,2,0,0,2,2,0,0,2,0.0,0.0
2026-03-22,B0GCCVX3QS,B0GCHYSHQN,0,0,0.0,0.0,8,0,2,6,8,0,2,6,0.0,0.0
2026-03-22,B0GCCVX3QS,B0GCJC7FWJ,0,0,0.0,0.0,13,0,4,9,13,0,4,9,0.0,0.0
2026-03-22,B0GCCVX3QS,B0GCJCP1HG,0,0,0.0,0.0,6,0,2,4,6,0,2,4,0.0,0.0
2026-03-22,B0GCCVX3QS,B0GCJKRLZC,0,0,0.0,0.0,6,0,3,3,6,0,3,3,0.0,0.0
2026-03-22,B0GCCVX3QS,B0GCK39NBW,0,0,0.0,0.0,6,0,2,4,8,0,2,6,0.0,0.0
2026-03-22,B0GPNG1M7Y,B0GPNTM2R5,0,0,0.0,0.0,3,0,1,2,4,0,1,3,0.0,0.0
2026-03-22,B0GPVSJ68J,B077CVQPXD,0,0,0.0,0.0,26,1,7,19,28,1,8,20,0.0,0.0
2026-03-22,B0GPVSJ68J,B0CV4X1LYZ,0,0,0.0,0.0,58,2,23,35,84,3,34,50,0.0,0.0
2026-03-22,B0GPVSJ68J,B0CV4ZBFRZ,0,0,0.0,0.0,29,1,13,16,39,1,18,21,0.0,0.0
2026-03-22,B0GPVSJ68J,B0DRVB5VCW,1,0,13430.0,0.0,102,1,32,70,149,1,39,110,0.98,0.0
2026-03-22,B0GPVYJ9W5,B01719SX5Q,0,0,0.0,0.0,36,0,12,24,46,0,16,30,0.0,0.0
2026-03-22,B0GPVYJ9W5,B01719SX74,0,0,0.0,0.0,18,0,5,13,27,0,6,21,0.0,0.0
2026-03-22,B0GPVYJ9W5,B01719SX7E,0,0,0.0,0.0,7,0,3,4,8,0,4,4,0.0,0.0
2026-03-22,B0GPVYJ9W5,B01719SX8I,0,0,0.0,0.0,1,0,1,0,1,0,1,0,0.0,0.0
2026-03-22,B0GPVYJ9W5,B01719SX9C,1,0,8820.0,0.0,24,0,9,15,38,0,14,24,4.17,0.0
2026-03-22,B0GPVYJ9W5,B01719SXC4,0,0,0.0,0.0,19,0,8,11,22,0,11,11,0.0,0.0
2026-03-22,B0GPVYJ9W5,B01719SXCO,0,0,0.0,0.0,4,0,1,3,5,0,1,4,0.0,0.0
2026-03-22,B0GPVYJ9W5,B01E8HZPHI,0,0,0.0,0.0,14,0,6,8,20,0,10,10,0.0,0.0
2026-03-22,B0GPVYJ9W5,B01I6DN7VQ,0,0,0.0,0.0,61,0,12,49,76,0,18,58,0.0,0.0
2026-03-22,B0GPVYJ9W5,B01IP61FU4,0,0,0.0,0.0,28,1,14,14,40,5,20,20,0.0,0.0
2026-03-22,B0GPVYJ9W5,B01IP61FXQ,0,0,0.0,0.0,3,0,2,1,3,0,2,1,0.0,0.0
2026-03-22,B0GPVYJ9W5,B01MQPBIKQ,0,0,0.0,0.0,8,0,2,6,13,0,3,10,0.0,0.0
2026-03-22,B0GPVYJ9W5,B01MQPBIOC,0,0,0.0,0.0,8,0,2,6,16,0,4,12,0.0,0.0
2026-03-22,B0GPVYJ9W5,B01N6A3UWA,0,0,0.0,0.0,2,0,1,1,2,0,1,1,0.0,0.0
2026-03-22,B0GPVYJ9W5,B01NACFFOZ,0,0,0.0,0.0,9,0,5,4,11,0,7,4,0.0,0.0
2026-03-22,B0GPVYJ9W5,B01NBDN4B1,0,0,0.0,0.0,13,0,7,6,19,0,10,9,0.0,0.0
2026-03-22,B0GPVYJ9W5,B072Q14K36,0,0,0.0,0.0,16,1,9,7,17,1,10,7,0.0,0.0
2026-03-22,B0GPVYJ9W5,B076BT6STS,0,0,0.0,0.0,9,0,6,3,9,0,6,3,0.0,0.0
2026-03-22,B0GPVYJ9W5,B076BZ2BSG,0,0,0.0,0.0,6,0,3,3,6,0,3,3,0.0,0.0
2026-03-22,B0GPVYJ9W5,B076CMY7L1,0,0,0.0,0.0,47,1,20,27,72,5,39,33,0.0,0.0
2026-03-22,B0GPVYJ9W5,B076CPT1LM,0,0,0.0,0.0,35,1,13,22,43,1,17,26,0.0,0.0
2026-03-22,B0GPVYJ9W5,B076K7T5GD,0,0,0.0,0.0,16,0,4,12,25,0,7,18,0.0,0.0
2026-03-22,B0GPVYJ9W5,B076KMR1FK,0,0,0.0,0.0,16,1,6,10,18,1,6,12,0.0,0.0
2026-03-22,B0GPVYJ9W5,B076KN3YWK,0,0,0.0,0.0,44,0,7,37,66,0,9,57,0.0,0.0
2026-03-22,B0GPVYJ9W5,B07GWH311P,0,0,0.0,0.0,11,0,5,6,14,0,6,8,0.0,0.0
2026-03-22,B0GPVYJ9W5,B08WRHRS1D,0,0,0.0,0.0,14,0,8,6,19,0,12,7,0.0,0.0
2026-03-22,B0GPVYJ9W5,B08WRJCQC3,0,0,0.0,0.0,8,0,2,6,10,0,4,6,0.0,0.0
2026-03-22,B0GPVYJ9W5,B0C588B8W6,0,0,0.0,0.0,14,0,5,9,21,0,9,12,0.0,0.0
2026-03-22,B0GPVYJ9W5,B0C589VTYB,0,0,0.0,0.0,16,1,9,7,23,1,14,9,0.0,0.0
2026-03-22,B0GPVYJ9W5,B0DSP46SJ5,0,0,0.0,0.0,5,0,2,3,5,0,2,3,0.0,0.0
2026-03-22,B0GPVYJ9W5,B0DSP63HS2,0,0,0.0,0.0,16,0,4,12,22,0,4,18,0.0,0.0
2026-03-22,B0GPVYJ9W5,B0DSV4FCYR,0,0,0.0,0.0,6,0,0,6,8,0,0,8,0.0,0.0
2026-03-22,B0GPW7Q71K,B0D9NHHDT8,1,0,8318.0,0.0,306,2,70,236,397,3,102,295,0.33,0.0
2026-03-22,B0GPW7Q71K,B0D9NLNJR8,1,0,8820.0,0.0,399,3,98,301,558,3,131,427,0.25,0.0
2026-03-22,B0GPW7Q71K,B0GCML7KNV,1,0,10900.0,0.0,190,1,59,131,306,1,88,218,0.53,0.0
2026-03-22,B0GPW7Q71K,B0GCNCJXQQ,5,1,46800.0,9360.0,291,2,86,205,443,3,131,312,1.72,50.0
2026-03-22,B0GPW95Q9R,B07D2X6279,0,0,0.0,0.0,60,2,12,48,78,2,14,64,0.0,0.0
2026-03-22,B0GPW95Q9R,B07XC61T6W,0,0,0.0,0.0,148,3,38,110,193,3,50,143,0.0,0.0
2026-03-22,B0GPW95Q9R,B08H76G429,0,0,0.0,0.0,35,1,9,26,39,1,11,28,0.0,0.0
2026-03-22,B0GPW95Q9R,B09N1V9PGF,0,0,0.0,0.0,74,2,23,51,99,3,30,69,0.0,0.0
2026-03-22,B0GPW95Q9R,B0FC5HF9L9,0,0,0.0,0.0,455,6,98,357,637,8,134,503,0.0,0.0
